Age,Temperature
Deuterium,Temperature
,
,
,
,
,
,
,
,
,
,
,
,
-390.9,0.88
-385.1,1.84
-377.8,3.04
-394.1,0.35
-398.7,-0.42
-395.9,0.05
-395.9,0.05
-399.3,-0.52
-391.4,0.79
-399.5,-0.55
-402.9,-1.11
-393.9,0.38
-398.6,-0.40
-389.8,1.05
-394.5,0.28
-400.5,-0.72
-403.6,-1.23
-393.1,0.51
-410.9,-2.44
-393.6,0.42
-391.1,0.84
-391.9,0.71
-396.3,-0.02
-397,-0.14
-404.7,-1.41
-398.2,-0.34
-395.2,0.16
-403.5,-1.22
-398.6,-0.41
-399.7,-0.59
-396,0.03
-400.2,-0.67
-401.6,-0.90
-405.4,-1.53
-399,-0.47
-396.9,-0.12
-394.9,0.21
-406.6,-1.73
-395.2,0.16
-395.3,0.14
-399.5,-0.56
-401,-0.80
-393.6,0.42
-410.4,-2.36
-401.3,-0.85
-398.3,-0.36
-388.5,1.26
-391.9,0.70
-400.8,-0.77
-387.7,1.40
-401.4,-0.87
-401,-0.81
-387.3,1.46
-390.2,0.98
-394.5,0.27
-401.9,-0.96
-399.8,-0.61
-399.9,-0.63
-399.1,-0.49
-401.9,-0.96
-404.8,-1.44
-401.6,-0.91
-396.7,-0.10
-397.1,-0.16
-394.2,0.32
-395.9,0.03
-392.7,0.56
-390.4,0.94
-389,1.17
-387,1.50
-402.3,-1.03
-392.5,0.59
-404.6,-1.41
-390.5,0.92
-402.3,-1.03
-400.1,-0.67
-399.4,-0.55
-400.6,-0.75
-393.8,0.38
-398.5,-0.40
-398.7,-0.44
-401.8,-0.95
-395.2,0.14
-390.1,0.99
-393.9,0.36
-400.6,-0.75
-400.9,-0.80
-391.7,0.72
-399.3,-0.54
-386.7,1.55
-401.5,-0.90
-398.1,-0.34
-390.4,0.93
-389.8,1.03
-390.7,0.88
-399.3,-0.54
-392.5,0.58
-393.8,0.37
-394.4,0.27
-397,-0.16
-397.8,-0.30
-388.6,1.23
-394.7,0.22
-390.6,0.89
-397,-0.17
-386.6,1.55
-390.6,0.89
-397,-0.17
-396.1,-0.02
-398.9,-0.48
-400.2,-0.70
-398.7,-0.45
-389.7,1.04
-401.6,-0.93
-397.9,-0.32
-399.2,-0.54
-397.6,-0.27
-390.5,0.90
-401.5,-0.92
-395.7,0.04
-394.5,0.24
-402.9,-1.15
-401,-0.84
-391.5,0.73
-403.4,-1.24
-393.4,0.42
-393.8,0.35
-400.8,-0.81
-399.3,-0.56
-396.6,-0.11
-395.3,0.10
-392.6,0.55
-404.4,-1.41
-394.4,0.25
-402.2,-1.04
-401.9,-0.99
-393.8,0.35
-402.3,-1.06
-385.1,1.79
-395.9,0.00
-395.8,0.01
-398.2,-0.38
-394.8,0.18
-397.7,-0.30
-400.3,-0.73
-402.4,-1.08
-396,-0.02
-401.4,-0.92
-386.1,1.62
-400.1,-0.70
-400.3,-0.74
-393.2,0.44
-399.7,-0.64
-397.9,-0.34
-402,-1.02
-398.7,-0.48
-398.6,-0.46
0.20,
-390.6,0.86
-394,0.30
-397.9,-0.35
-394.8,0.17
-408.2,-2.05
-404.3,-1.41
-399.6,-0.63
-400.8,-0.83
-401.5,-0.94
-407.7,-1.97
-400.5,-0.78
-395.8,0.00
-399.7,-0.65
-399.6,-0.63
-394.8,0.16
-398.5,-0.45
-390.2,0.92
-396.4,-0.11
-392.7,0.51
-400.4,-0.77
-393.5,0.37
-390.6,0.85
-395.2,0.09
-396.9,-0.19
-399.1,-0.56
-396.9,-0.20
-401,-0.88
-387.9,1.29
-390.3,0.89
-390.8,0.81
-390.2,0.91
-395.6,0.01
-387.7,1.32
-388.9,1.12
-388.9,1.12
-395.4,0.04
-399.5,-0.64
-401.7,-1.00
-392.2,0.57
-393.9,0.29
-397.7,-0.34
-401.1,-0.91
-395.7,-0.01
-398.7,-0.51
-395,0.10
-394.7,0.15
-395.8,-0.03
-391.8,0.63
0.95,
-387.9,1.27
-404.4,-1.46
-401.1,-0.91
-403.4,-1.30
-391.8,0.62
-400.5,-0.82
-406.2,-1.76
-392.7,0.47
-400,-0.74
-401.9,-1.05
-391.3,0.70
-399.8,-0.71
-404.2,-1.44
-395.6,-0.01
-397.2,-0.28
-398.2,-0.44
-396.6,-0.18
-395.6,-0.02
-392.7,0.46
-401.8,-1.04
-387.3,1.35
-394.6,0.15
-397.2,-0.29
-394.5,0.16
-399.5,-0.67
-389.9,0.92
-390.8,0.77
-394.4,0.17
-391.7,0.62
-389.2,1.03
-401.6,-1.02
-387.2,1.36
-387.8,1.26
-404.9,-1.57
-388.9,1.07
-394.9,0.08
-393.8,0.26
-399.6,-0.70
-400.9,-0.92
-391,0.72
-396.1,-0.12
-398.5,-0.52
-396.5,-0.19
-397.8,-0.41
-392.9,0.40
-398.7,-0.56
-398.9,-0.59
-390.6,0.78
-390.4,0.81
-402.3,-1.16
-389.9,0.89
-390.3,0.82
-398.8,-0.59
-397.8,-0.42
-394.9,0.06
-392.2,0.50
-404.7,-1.57
-391.2,0.67
-387.3,1.31
-396.4,-0.20
-387,1.36
-398.1,-0.48
-401.4,-1.03
-395.2,0.00
-393.4,0.29
-394.9,0.04
-397.1,-0.32
-400.6,-0.90
-393,0.35
-387.1,1.33
-397.5,-0.39
-390.4,0.78
-399.3,-0.70
-397.5,-0.40
-399.9,-0.80
-395,0.01
-394.1,0.16
-393.4,0.27
-398.4,-0.56
-395.1,-0.01
-396,-0.16
-397.3,-0.38
-389.3,0.94
-399.6,-0.76
-402.3,-1.21
-396.7,-0.28
-397.2,-0.37
-402,-1.16
-396.9,-0.32
-390.9,0.67
-393.4,0.25
-395.9,-0.16
-395.1,-0.03
-392.7,0.37
-389,0.98
-397.9,-0.50
-398.9,-0.66
-396.8,-0.32
-396.6,-0.29
-392.7,0.36
-400.6,-0.95
-396.3,-0.24
-395.6,-0.13
-393.3,0.25
-391.4,0.56
-391.3,0.58
-393.2,0.26
-397.6,-0.47
-395.8,-0.17
-403.1,-1.38
-396.3,-0.26
-390.6,0.69
-396,-0.21
-390.6,0.68
-396.3,-0.26
-394.5,0.03
-391.4,0.54
-407.6,-2.14
-401.2,-1.08
-402.4,-1.28
-395,-0.06
-402.5,-1.30
-407.9,-2.19
-399.6,-0.82
-394.6,0.00
-387.2,1.23
-396.2,-0.26
-394,0.10
-399.1,-0.75
-395.2,-0.10
-396,-0.24
-400.4,-0.97
-391.1,0.57
-399.2,-0.77
-386.2,1.38
-398.9,-0.72
-389,0.91
-388.4,1.01
-400.4,-0.98
-392.7,0.29
-391,0.57
-392.5,0.32
-397.7,-0.54
-399.8,-0.89
-398.7,-0.71
-403.7,-1.54
-397.4,-0.50
-391.7,0.45
-394.5,-0.02
-396.8,-0.40
-399.2,-0.80
-394,0.06
-391.4,0.49
-403.5,-1.52
-389.5,0.80
-399.9,-0.93
-397.4,-0.51
-398.6,-0.71
-394.1,0.03
-398.4,-0.68
-401.7,-1.23
-392.6,0.27
-395.4,-0.19
-402.1,-1.30
-403.6,-1.55
-396.5,-0.38
-402.5,-1.37
-398.8,-0.76
-397,-0.47
-389.4,0.79
-395,-0.14
-404.9,-1.78
-402.2,-1.34
-389.2,0.81
-397,-0.48
-401.8,-1.27
-398.4,-0.71
-407.8,-2.27
-395.4,-0.22
-403.1,-1.50
-406.1,-2.00
-390.4,0.60
-392.6,0.23
-395.7,-0.28
-402.9,-1.47
-401.9,-1.31
-401.2,-1.20
-400.4,-1.07
-397.5,-0.59
-389.4,0.75
-395.4,-0.25
-387.9,0.99
-398.3,-0.73
-398.7,-0.80
-401.3,-1.23
-396.8,-0.49
-395.6,-0.29
-402.5,-1.44
-399.5,-0.94
-397.8,-0.66
-400.5,-1.11
-400.8,-1.16
-396.1,-0.39
-405.3,-1.91
-411.9,-3.00
-401.7,-1.32
-399.3,-0.93
-404.7,-1.82
-403.1,-1.56
-402.3,-1.43
-396.1,-0.40
-388.3,0.88
-398.5,-0.81
-406.3,-2.10
-399.9,-1.04
-404.7,-1.84
-403.8,-1.69
-395,-0.24
-402.8,-1.53
-404.2,-1.77
-399.1,-0.93
-393.3,0.03
-399.1,-0.93
-389.2,0.70
-397.7,-0.71
-388.4,0.83
-400.3,-1.14
-403.7,-1.71
-398.3,-0.82
-396.1,-0.46
-390.7,0.43
-404.7,-1.88
-400.2,-1.14
-388.5,0.79
-390.4,0.47
-405.5,-2.03
-399.5,-1.04
-402.1,-1.47
-402.2,-1.49
-395.2,-0.34
-391.6,0.26
-396.5,-0.56
-399.5,-1.06
-400.6,-1.24
-401.6,-1.41
-400.6,-1.25
-406.3,-2.19
-398.3,-0.87
-411.7,-3.09
-399.8,-1.13
-396.9,-0.65
-401.4,-1.40
-405.3,-2.04
-408.3,-2.54
-406.5,-2.25
-400.8,-1.31
-403.2,-1.71
-397.5,-0.77
-401,-1.35
-401.5,-1.43
-400.4,-1.26
-400.3,-1.24
-407.3,-2.40
-403,-1.69
-404.2,-1.89
-401.2,-1.40
-397.2,-0.74
-396.9,-0.70
-397.8,-0.85
-409.5,-2.79
-397.1,-0.74
-390.3,0.38
-397.5,-0.81
-401.9,-1.54
-392.4,0.02
-399.9,-1.22
-399.3,-1.13
-396.7,-0.70
-402.1,-1.60
-401.8,-1.55
-397.5,-0.84
-400.2,-1.29
-395,-0.44
-404.4,-2.00
-402.1,-1.62
-397.9,-0.93
-393.4,-0.19
-397.7,-0.90
-397.4,-0.86
-397.4,-0.86
-399,-1.13
-391.8,0.05
-392.7,-0.10
-401.1,-1.49
-396.1,-0.67
-397.7,-0.94
-395.6,-0.59
-398.6,-1.09
-394.9,-0.49
-394.9,-0.49
-407.4,-2.56
-403.4,-1.90
-392.2,-0.06
-400.4,-1.42
-391.1,0.11
-388.5,0.54
-394.8,-0.51
-397.7,-0.99
-401.2,-1.57
-391.9,-0.04
-393.3,-0.28
-394.3,-0.45
-395,-0.57
-392.4,-0.14
-393.5,-0.33
-390,0.24
0.36,
-388.5,0.48
-394.3,-0.48
-403.6,-2.02
-393.3,-0.33
-398,-1.11
-391,0.04
-395.8,-0.75
-386.4,0.79
-391.8,-0.10
-398.2,-1.16
-391.6,-0.08
-393.4,-0.38
-384.4,1.11
-391.3,-0.04
-391,0.01
-388.3,0.45
-391.4,-0.07
-382.9,1.33
-387.2,0.62
-405.5,-2.40
-391.7,-0.13
-392.1,-0.20
-400.4,-1.57
-386.7,0.68
-394.5,-0.61
-389.9,0.15
-394.7,-0.65
-396.6,-0.97
-388.6,0.35
-392.9,-0.36
-395.2,-0.75
-389.1,0.26
-388.7,0.32
-391.8,-0.20
-388.8,0.29
-397.7,-1.18
-390.4,0.02
-382.1,1.39
-387.9,0.43
-390.6,-0.02
-393.3,-0.47
-388.1,0.38
-391.6,-0.20
-396.9,-1.08
-398.7,-1.38
-386.6,0.61
-390.7,-0.07
-391.2,-0.15
-389.5,0.12
-400.9,-1.76
-388.6,0.26
-397.9,-1.27
-393,-0.47
-394.4,-0.71
-399.4,-1.53
-388.2,0.31
-386.8,0.53
-383,1.16
-387.5,0.41
-390.1,-0.02
-377.1,2.12
-397.4,-1.23
-390.6,-0.12
-393.2,-0.55
-395.2,-0.88
-393.7,-0.64
-392.9,-0.51
-391.4,-0.27
-384.5,0.86
-394.4,-0.77
-394.8,-0.84
-395.8,-1.01
-396.2,-1.08
-395.4,-0.96
-391.7,-0.35
-390.9,-0.22
-388,0.25
-392.6,-0.51
-397.7,-1.36
-394.3,-0.80
-391.4,-0.33
-387.7,0.28
-395.2,-0.96
-400.3,-1.81
-393.3,-0.66
-390,-0.12
-390.9,-0.27
-387.4,0.30
-389.7,-0.08
-398,-1.45
-396.1,-1.14
-392,-0.47
-397.7,-1.41
-398.9,-1.62
-394.7,-0.93
-386.8,0.37
-385.8,0.53
-387.9,0.18
-390.7,-0.29
-402,-2.15
-392.6,-0.61
-390.8,-0.32
-394.6,-0.95
-381,1.29
-382.1,1.11
-399.5,-1.77
-393.5,-0.78
-398.4,-1.59
-393.4,-0.77
-390.9,-0.37
-386.1,0.42
-387.8,0.14
-383.8,0.79
-386.9,0.28
-393,-0.73
-396.6,-1.33
-394.1,-0.92
-395.5,-1.16
-395.4,-1.15
-389.6,-0.19
-394.8,-1.05
-388.3,0.01
-394.8,-1.06
-387.9,0.07
-396.1,-1.29
-391.3,-0.50
-393.6,-0.88
-387.8,0.07
-396.1,-1.30
-403.2,-2.48
-399.4,-1.85
-400.8,-2.09
-399.4,-1.86
-400.9,-2.11
-399.2,-1.84
-404.9,-2.78
-404,-2.64
-398.2,-1.69
-400,-1.99
-399.8,-1.96
-406.2,-3.02
-403.5,-2.57
-405.5,-2.91
-414.8,-4.44
-406.2,-3.03
-405.8,-2.97
-410.9,-3.81
-403.7,-2.63
-400.6,-2.12
-409.6,-3.61
-401.2,-2.23
-413.3,-4.23
-414.3,-4.40
-408.8,-3.49
-417.4,-4.91
-406.8,-3.17
-404.3,-2.76
-412.4,-4.10
-412.6,-4.14
-410.9,-3.86
-420.8,-5.50
-417.2,-4.91
-418.8,-5.17
-415.6,-4.65
-418.6,-5.15
-410.9,-3.88
-413.7,-4.35
-412.7,-4.19
-419.3,-5.28
-420.8,-5.53
-412.1,-4.10
-416,-4.74
-408.8,-3.56
-413.9,-4.41
-416.4,-4.82
-417.7,-5.04
-414.9,-4.58
-410.4,-3.85
-411.6,-4.05
-415,-4.61
-418.4,-5.17
-415.5,-4.70
-412.9,-4.27
-408,-3.47
-410.8,-3.94
-414.8,-4.60
-408.7,-3.60
-408.5,-3.57
-411.8,-4.12
-412.8,-4.28
-419,-5.31
-417.5,-5.06
-414,-4.49
-416.6,-4.92
-410.8,-3.97
-403.4,-2.76
-413.7,-4.46
-410.2,-3.88
-415.9,-4.83
-416.8,-4.98
-417.3,-5.06
-417.1,-5.03
-411.9,-4.18
-415.5,-4.78
-413.4,-4.43
-405,-3.06
-417.2,-5.07
-405.5,-3.15
-414.3,-4.60
-414.8,-4.68
-412,-4.23
-407.5,-3.49
-403.4,-2.82
-402.3,-2.64
-405.9,-3.24
-410.4,-3.98
-410.8,-4.05
-413.4,-4.48
-406,-3.27
-402.6,-2.71
-404.3,-3.00
-406.9,-3.43
-411.2,-4.14
-392.2,-1.02
-397.7,-1.93
-399.1,-2.16
-402.3,-2.69
-401.1,-2.50
-403.9,-2.96
-401.2,-2.52
-418.2,-5.32
-408.8,-3.78
-402.3,-2.71
-411.1,-4.17
-411.1,-4.17
-407.3,-3.55
-413.6,-4.59
-411.2,-4.20
-418.6,-5.42
-415.7,-4.94
-411.3,-4.22
-416.2,-5.03
-412.6,-4.44
-407.6,-3.62
-410.1,-4.04
-411.6,-4.29
-407.5,-3.62
-409.9,-4.02
-411.3,-4.25
-419,-5.52
-399.4,-2.30
-413,-4.54
-416.4,-5.10
-416.3,-5.09
-410,-4.05
-410.7,-4.17
-412.7,-4.50
-411.8,-4.36
-414.2,-4.76
-416.6,-5.16
-420,-5.72
-418.5,-5.47
-419.6,-5.66
-418.7,-5.51
-420.1,-5.74
-419.8,-5.70
-414,-4.75
-416.2,-5.11
-417.6,-5.35
-421.6,-6.01
-416.6,-5.19
-423.8,-6.37
-414.2,-4.80
-417.8,-5.39
-416.9,-5.25
-419.1,-5.61
-417.3,-5.32
-419.1,-5.62
-420.3,-5.82
-422.5,-6.18
-417.7,-5.39
-425.4,-6.66
-420.8,-5.91
-421.1,-5.96
-424.1,-6.46
-426.8,-6.90
-425.9,-6.76
-420.9,-5.94
-421.9,-6.10
-421.7,-6.07
-422.6,-6.22
-429.8,-7.41
-423.9,-6.44
-421.9,-6.12
-425.8,-6.76
-426,-6.79
-425.7,-6.75
-426.4,-6.86
-434.2,-8.15
-427.5,-7.05
-429.9,-7.44
-428.1,-7.15
-426.1,-6.82
-438.3,-8.83
-429.4,-7.37
-434.5,-8.21
-433.9,-8.11
-434.6,-8.23
-439.3,-9.00
-431.6,-7.74
-432,-7.80
-435.5,-8.38
-429.4,-7.38
-437.2,-8.66
-429.5,-7.40
-441.5,-9.37
-436.2,-8.50
-435.6,-8.40
-439.9,-9.11
-435.5,-8.39
-439.7,-9.08
-442.5,-9.54
-442.1,-9.47
-442.1,-9.47
-443.5,-9.70
-433.9,-8.13
-439,-8.97
-443.7,-9.74
-438.6,-8.90
-438.4,-8.87
-442.5,-9.54
-444.2,-9.82
-443.1,-9.64
-440.5,-9.21
-440.7,-9.25
-438.8,-8.94
-440.3,-9.18
-441.9,-9.45
-441.7,-9.41
-441.4,-9.36
-442.3,-9.51
-441.6,-9.40
-447.4,-10.35
-437.2,-8.67
-440.8,-9.26
-436.5,-8.56
-444.8,-9.92
-440.5,-9.21
-442.9,-9.61
-441.4,-9.36
-439.3,-9.02
-443.4,-9.69
-438.2,-8.84
-446,-10.12
-441.3,-9.34
-435.8,-8.44
-447.9,-10.43
-444.6,-9.89
-436.3,-8.52
-442.5,-9.54
-441.3,-9.34
-432,-7.81
-442.6,-9.55
-438.7,-8.91
-445.1,-9.96
-440.2,-9.16
-443.8,-9.75
-443,-9.62
-446.5,-10.19
-441.5,-9.37
-446.5,-10.19
-444.9,-9.93
-438.9,-8.94
-438.3,-8.84
-436.4,-8.53
-442.4,-9.51
-448,-10.43
-444.2,-9.81
-441.7,-9.40
-439.5,-9.04
-442.1,-9.46
-437.5,-8.71
-444.1,-9.79
-440.6,-9.22
-442.5,-9.53
-443.5,-9.69
-443.7,-9.72
-446.5,-10.18
-438.8,-8.92
-438.3,-8.83
-441.2,-9.31
-442.3,-9.49
-443.3,-9.65
-443.2,-9.64
-439.5,-9.03
-441.5,-9.36
-441.8,-9.41
-442.2,-9.47
-441.7,-9.39
-446.3,-10.14
-440.9,-9.25
-442.5,-9.52
-437.8,-8.74
-439.7,-9.06
-445.6,-10.02
-445.7,-10.04
-440.6,-9.20
-436.9,-8.59
-432.8,-7.92
-446.1,-10.10
-443.7,-9.71
-438.8,-8.90
-443.3,-9.64
-446.2,-10.12
-442.9,-9.57
-439.2,-8.96
-437.7,-8.72
-436.2,-8.47
-442,-9.42
-440.3,-9.14
-443.1,-9.60
-442.2,-9.45
-444.4,-9.82
-445.4,-9.98
-443.5,-9.67
-438.3,-8.81
-445.8,-10.04
-445,-9.91
-435.6,-8.36
-440.3,-9.14
-442,-9.41
-437.9,-8.74
-440.8,-9.22
-445.1,-9.92
-439.5,-9.00
-445.5,-9.98
-441.7,-9.36
-443.3,-9.62
-441.9,-9.39
-444,-9.73
-442.9,-9.55
-440.2,-9.11
-436.1,-8.43
-438.6,-8.84
-434.9,-8.23
-439.5,-8.99
-440.7,-9.19
-438.3,-8.79
-447.2,-10.25
-441.8,-9.36
-439.3,-8.95
-441.3,-9.28
-437.7,-8.69
-438.9,-8.88
-439.9,-9.05
-437.4,-8.64
-439.3,-8.95
-441.4,-9.29
-441.8,-9.36
-448.1,-10.39
-445.4,-9.95
-443.4,-9.62
-442.8,-9.52
-449.3,-10.58
-443.8,-9.68
-442.1,-9.40
-440,-9.05
-439.7,-9.00
-444.3,-9.76
-441.7,-9.33
-446.2,-10.07
-446.4,-10.10
-433.5,-7.98
-439.7,-8.99
-445.2,-9.90
-447.1,-10.21
-446.2,-10.06
-445.6,-9.96
-445.2,-9.89
-443.1,-9.54
-444.9,-9.84
-442.2,-9.39
-444.9,-9.83
-445.6,-9.95
-444.9,-9.83
-442,-9.35
-442,-9.35
-447.2,-10.21
-448.9,-10.48
-447.9,-10.32
-443.2,-9.54
-445.2,-9.87
-445,-9.84
-444,-9.67
-443.2,-9.54
-441.8,-9.30
-447.2,-10.19
-446.2,-10.02
-443.2,-9.53
-448.9,-10.47
-439.6,-8.93
-443.7,-9.61
-447.3,-10.20
-439.9,-8.98
-445.2,-9.85
-445.9,-9.96
-441.1,-9.17
-448.6,-10.40
-445.9,-9.96
-440.2,-9.02
-445.8,-9.94
-442.2,-9.34
-443.7,-9.59
-446,-9.96
-447.4,-10.19
-446.9,-10.11
-440.5,-9.05
-443.1,-9.48
-444.6,-9.72
-447.1,-10.13
-443.8,-9.59
-444.8,-9.75
-444.5,-9.70
-445.9,-9.93
-441.6,-9.22
-439,-8.79
-435.9,-8.28
-439.3,-8.84
-427.6,-6.91
-441.8,-9.25
-440.5,-9.03
-438.4,-8.69
-449.5,-10.51
-441.2,-9.14
-433.4,-7.86
-432.5,-7.71
-438,-8.61
-440,-8.94
-442.8,-9.40
-436.6,-8.38
-439.2,-8.81
-445.7,-9.87
-447.8,-10.22
-441.3,-9.15
-443,-9.42
-446.1,-9.93
-443,-9.42
-438.7,-8.71
-439.8,-8.89
-435.6,-8.20
-433.4,-7.84
-438.6,-8.69
-438.1,-8.61
-438,-8.59
-439.7,-8.87
-443.3,-9.46
-441.4,-9.14
-440,-8.91
-442.2,-9.27
-436.6,-8.35
-439.8,-8.88
-436.2,-8.28
-438.9,-8.72
-436.1,-8.26
-435.1,-8.10
-435.9,-8.23
-430.8,-7.39
-438.2,-8.60
-431.8,-7.55
-434.1,-7.93
-443.2,-9.42
-439.9,-8.88
-437.1,-8.42
-436.7,-8.35
-437.1,-8.42
-436.6,-8.33
-433.5,-7.82
-436.8,-8.36
-440.1,-8.90
-445.7,-9.82
-443.4,-9.44
-443,-9.38
-445.9,-9.85
-437.1,-8.40
-447,-10.03
-442.3,-9.25
-441.9,-9.19
-436.6,-8.31
-446.5,-9.94
-438.4,-8.61
-441.2,-9.06
-442,-9.19
-442,-9.19
-442.6,-9.29
-440.1,-8.88
-440.1,-8.88
-440.1,-8.87
-440.1,-8.87
-440.1,-8.87
-432.2,-7.57
-439,-8.69
-439.5,-8.77
-438,-8.52
-444,-9.51
-446.6,-9.93
-442.7,-9.29
-443.8,-9.47
-447.3,-10.04
-443.5,-9.42
-440.4,-8.91
-441.4,-9.07
-440.4,-8.90
-446.3,-9.87
-440.5,-8.92
-449.3,-10.36
-442.2,-9.19
-431.9,-7.50
-436.8,-8.30
-440.3,-8.88
-438,-8.50
-429.3,-7.07
-435.7,-8.12
-428.3,-6.90
-437.4,-8.40
-438.9,-8.64
-436.9,-8.31
-439.9,-8.81
-436.2,-8.20
-437.3,-8.38
-433.7,-7.78
-441.2,-9.02
-434.7,-7.95
-435.6,-8.09
-442.1,-9.16
-445.8,-9.77
-443.9,-9.46
-443,-9.31
-446.5,-9.88
-442.6,-9.24
-438.7,-8.59
-442.7,-9.25
-439.6,-8.74
-436.2,-8.18
-435.3,-8.03
-434.7,-7.93
-432.3,-7.53
-435.5,-8.06
-433.7,-7.76
-432,-7.48
-437,-8.30
-435.5,-8.06
-438,-8.47
-436,-8.14
-435.9,-8.12
-433.5,-7.72
-443.2,-9.32
-435.8,-8.10
-439.9,-8.77
-444.5,-9.53
-444.5,-9.53
-444.5,-9.53
-444.5,-9.52
-444.5,-9.52
-442.3,-9.16
-438.5,-8.53
-442.1,-9.12
-441.2,-8.97
-444.9,-9.58
-441.9,-9.08
-436.5,-8.19
-435.5,-8.03
-438.7,-8.55
-431.6,-7.39
-437.4,-8.34
-433.8,-7.75
-433.4,-7.68
-438.3,-8.48
-431.4,-7.35
-431.7,-7.40
-437.6,-8.37
-435.6,-8.04
-433.5,-7.69
-429.5,-7.03
-433.5,-7.69
-437.9,-8.41
-433.7,-7.72
-429.9,-7.09
-432.5,-7.52
-436.5,-8.18
-436.9,-8.24
-435.8,-8.06
-428.2,-6.81
-438.6,-8.52
-439.5,-8.67
-434.3,-7.81
-433.1,-7.61
-434.8,-7.89
-439.6,-8.68
-436.6,-8.18
-443,-9.24
-435.3,-7.97
-435.6,-8.02
-436,-8.08
-435.8,-8.05
-442,-9.07
-439.7,-8.69
-438.8,-8.54
-437.5,-8.32
-434.6,-7.84
-434.6,-7.84
-436.1,-8.09
-436.8,-8.20
-435.9,-8.05
-434.2,-7.77
-438.3,-8.44
-436.1,-8.08
-435.3,-7.95
-439.6,-8.66
-440.7,-8.84
-438.9,-8.54
-436.7,-8.17
-429.6,-7.00
-427.3,-6.63
-435.1,-7.91
-434.9,-7.88
-435,-7.89
-427.3,-6.62
-434.4,-7.79
-428.6,-6.84
-435.1,-7.91
-428.6,-6.84
-436.5,-8.14
-428.7,-6.85
-430.7,-7.18
-423.8,-6.04
-424.6,-6.18
-425.2,-6.27
-418.3,-5.14
-426,-6.41
-418.8,-5.22
-415.4,-4.66
-424.5,-6.16
-430.6,-7.17
-431,-7.23
-434.8,-7.86
-423.4,-5.98
-420.5,-5.50
-430.4,-7.13
-431.1,-7.25
-433.4,-7.63
-422.5,-5.83
-431.3,-7.28
-425.3,-6.29
-427,-6.57
-429.8,-7.03
-427.3,-6.62
-425.9,-6.39
-426,-6.41
-425.6,-6.34
-428.5,-6.82
-430.7,-7.18
-432.8,-7.53
-424.4,-6.15
-428.9,-6.89
-427.1,-6.59
-426.3,-6.46
-434.3,-7.78
-428.8,-6.87
-423.2,-5.95
-436,-8.05
-434,-7.73
-436.9,-8.20
-436,-8.05
-435.5,-7.97
-436.9,-8.20
-435.5,-7.97
-435.9,-8.03
-441.9,-9.02
-443,-9.20
-442.4,-9.10
-436.8,-8.18
-443.3,-9.24
-434.7,-7.83
-438.7,-8.48
-434.2,-7.74
-436.5,-8.12
-430.9,-7.20
-437.3,-8.25
-434.2,-7.74
-433.3,-7.59
-439.6,-8.63
-439,-8.53
-438.3,-8.41
-430.9,-7.19
-433,-7.54
-431.3,-7.26
-439.1,-8.54
-441.2,-8.89
-440.2,-8.72
-440.1,-8.70
-440.8,-8.82
-438.4,-8.42
-436.7,-8.14
-444.3,-9.39
-436.8,-8.15
-436,-8.02
-434.5,-7.77
-433.3,-7.57
-439.4,-8.58
-431.7,-7.31
-426.5,-6.45
-433.2,-7.55
-433.4,-7.58
-434.9,-7.83
-439.4,-8.57
-427.8,-6.66
-441,-8.83
-434.7,-7.79
-440.4,-8.73
-435.7,-7.95
-437.3,-8.22
-441.9,-8.97
-438.2,-8.36
-440.9,-8.80
-440.5,-8.74
-440.6,-8.75
-442.5,-9.06
-442.4,-9.04
-437.4,-8.22
-441.5,-8.89
-433.2,-7.52
-437.2,-8.18
-438.3,-8.36
-433.3,-7.54
-433.4,-7.55
-434.7,-7.77
-438.9,-8.46
-430.8,-7.12
-439.3,-8.52
-433.8,-7.61
-435.8,-7.94
-432.6,-7.41
-428.6,-6.75
-430.5,-7.07
-430.2,-7.02
-431.3,-7.20
-427.8,-6.62
-429.1,-6.83
-433.2,-7.51
-429.1,-6.83
-436.4,-8.03
-435.8,-7.93
-426.9,-6.47
-429.7,-6.93
-432.3,-7.36
-435.6,-7.90
-436.6,-8.06
-432.4,-7.37
-433.6,-7.57
-435.1,-7.81
-431.5,-7.22
-438.8,-8.42
-440.4,-8.68
-436.4,-8.02
-435.9,-7.94
-440.8,-8.74
-440.3,-8.66
-438.2,-8.31
-441.3,-8.82
-441,-8.77
-439,-8.44
-436.6,-8.04
-430.5,-7.04
-434.1,-7.63
-440.8,-8.73
-438.2,-8.30
-439.2,-8.46
-435.8,-7.90
-433.8,-7.57
-435.9,-7.92
-435.2,-7.80
-435.1,-7.78
-433.8,-7.57
-434.3,-7.65
-434.9,-7.75
-431.4,-7.17
-431.1,-7.12
-428.1,-6.62
-430.6,-7.04
-430.4,-7.00
-429.9,-6.92
-427.9,-6.59
-429.1,-6.79
-427.4,-6.51
-430.2,-6.97
-429.8,-6.90
-419.9,-5.27
-430.7,-7.05
-425.5,-6.19
-428.5,-6.69
-420.9,-5.44
-424.4,-6.01
-420.4,-5.35
-426,-6.28
-413.7,-4.25
-419.1,-5.14
-424.5,-6.03
-429.5,-6.86
-423.1,-5.80
-419.7,-5.24
-426.6,-6.38
-426.2,-6.31
-425,-6.12
-425.4,-6.18
-422.5,-5.70
-422.6,-5.72
-417.3,-4.85
-415.6,-4.57
-412.3,-4.03
-422.1,-5.64
-421.3,-5.51
-418.5,-5.05
-422.3,-5.68
-419.7,-5.25
-427.8,-6.58
-427.2,-6.49
-429.5,-6.86
-423.5,-5.88
-426.9,-6.44
-426.9,-6.44
-425.3,-6.17
-428.8,-6.75
-429.1,-6.80
-425.7,-6.24
-426.9,-6.44
-418,-4.97
-428.3,-6.67
-428.1,-6.64
-431.2,-7.15
-427.8,-6.59
-430.1,-6.97
-428.7,-6.73
-430.3,-7.00
-431.5,-7.20
-425.7,-6.24
-425.9,-6.27
-431.1,-7.13
-434.3,-7.66
-428.2,-6.65
-431.8,-7.25
-442.1,-8.94
-435.9,-7.92
-436.5,-8.02
-439.7,-8.55
-436,-7.94
-432.2,-7.31
-436.3,-7.99
-429.1,-6.80
-428.1,-6.63
-429.1,-6.80
-432.2,-7.31
-430.3,-7.00
-439.5,-8.51
-433.7,-7.56
-429.9,-6.93
-438.3,-8.32
-437.4,-8.17
-430.8,-7.08
-430.4,-7.01
-427.5,-6.54
-433.8,-7.57
-434.4,-7.67
-433.9,-7.59
-437.4,-8.17
-432,-7.28
-436.7,-8.05
-434.2,-7.64
-438.8,-8.39
-432.5,-7.36
-436.2,-7.96
-431.3,-7.16
-428.8,-6.75
-433.6,-7.54
-433.1,-7.45
-424.9,-6.10
-434.6,-7.70
-434.4,-7.67
-426.1,-6.30
-434.4,-7.67
-433.3,-7.49
-437.5,-8.18
-430.7,-7.06
-428.2,-6.64
-430.1,-6.96
-427.3,-6.50
-430.5,-7.02
-433.6,-7.53
-433.4,-7.50
-430.7,-7.06
-430.7,-7.05
-422.1,-5.64
-431.4,-7.17
-433,-7.43
-437.1,-8.11
-425.8,-6.25
-430.5,-7.02
-433.3,-7.48
-427.9,-6.59
-433.4,-7.50
-432.6,-7.37
-428.5,-6.69
-428.6,-6.71
-435.5,-7.84
-432.7,-7.38
-432.7,-7.38
-431.7,-7.22
-430.1,-6.95
-430.5,-7.02
-429,-6.77
-431.7,-7.21
-428,-6.61
-426.9,-6.42
-424.2,-5.98
-432.9,-7.41
-427.8,-6.57
-432.5,-7.35
-425,-6.11
-428.2,-6.64
-421.2,-5.49
-429.2,-6.81
-425.9,-6.26
-424.1,-5.97
-415.9,-4.62
-426.5,-6.36
-419.7,-5.24
-425.7,-6.23
-432,-7.27
-426.2,-6.32
-429.5,-6.86
-426.2,-6.32
-428.8,-6.75
-424.7,-6.07
-422.2,-5.66
-430.6,-7.04
-424.1,-5.97
-426.4,-6.35
-419.9,-5.28
-428.6,-6.72
-424.9,-6.11
-415.8,-4.61
-424.9,-6.11
-425.3,-6.18
-428,-6.62
-429.2,-6.82
-426.2,-6.33
-413.6,-4.25
-422.7,-5.75
-425.3,-6.18
-418.6,-5.08
-420.6,-5.41
-418.3,-5.03
-419.2,-5.18
-417.8,-4.95
-417.6,-4.92
-418,-4.99
-419.8,-5.29
-425.2,-6.18
-425.9,-6.30
-424.6,-6.08
-431.3,-7.19
-429.4,-6.87
-428.1,-6.66
-421.3,-5.54
-425.6,-6.25
-421.3,-5.54
-427.2,-6.52
-425.6,-6.25
-428.1,-6.67
-427.1,-6.50
-430,-6.98
-422,-5.66
-423.8,-5.96
-423,-5.83
-420.5,-5.42
-430.3,-7.04
-429.5,-6.90
-429.2,-6.86
-432.5,-7.40
-432.5,-7.40
-428.8,-6.79
-433.8,-7.62
-435.5,-7.90
-432.3,-7.37
-432.4,-7.39
-423.6,-5.94
-427.6,-6.60
-428.6,-6.76
-424.8,-6.14
-422.7,-5.79
-429.6,-6.93
-428.9,-6.82
-424.2,-6.04
-430.3,-7.05
-429.1,-6.85
-426,-6.34
-427.5,-6.59
-434.9,-7.81
-428.7,-6.79
-428.6,-6.77
-428.8,-6.81
-431.1,-7.19
-432.2,-7.37
-435.5,-7.91
-438,-8.33
-431.9,-7.32
-432.1,-7.35
-436.8,-8.13
-438.3,-8.38
-428.4,-6.75
-440.1,-8.67
-432.2,-7.37
-431.7,-7.29
-427,-6.52
-429.2,-6.88
-436.5,-8.08
-427.7,-6.63
-429.9,-7.00
-430.5,-7.10
-431.2,-7.21
-427.7,-6.64
-426.6,-6.46
-433.6,-7.61
-427,-6.52
-431,-7.18
-426,-6.36
-424.6,-6.13
-427.2,-6.56
-419.7,-5.32
-428.8,-6.83
-425.3,-6.25
-426,-6.37
-422.1,-5.72
-418.9,-5.20
-423.7,-5.99
-417.5,-4.97
-421.9,-5.70
-421.2,-5.58
-434.6,-7.79
-427.7,-6.66
-423.5,-5.97
-422.2,-5.75
-426.3,-6.43
-427.4,-6.61
-422.6,-5.83
-419,-5.23
-429.4,-6.95
-430.7,-7.16
-428.6,-6.82
-425,-6.23
-424.8,-6.20
-423.4,-5.97
-424.2,-6.10
-419,-5.25
-427,-6.57
-419.2,-5.28
-423.4,-5.98
-413.9,-4.42
-423.7,-6.03
-417.6,-5.03
-416.9,-4.92
-422.6,-5.86
-421.4,-5.66
-426,-6.42
-416.3,-4.83
-414.9,-4.60
-418.5,-5.19
-420,-5.44
-421.2,-5.64
-416.6,-4.89
-422.9,-5.93
-422.1,-5.80
-423.8,-6.08
-422,-5.78
-422.7,-5.90
-422.1,-5.80
-421.5,-5.71
-419.7,-5.41
-419.4,-5.36
-429.8,-7.08
-414.3,-4.53
-424.2,-6.16
-424.8,-6.26
-431.1,-7.30
-423.8,-6.10
-416,-4.82
-424.9,-6.28
-426.5,-6.55
-424.3,-6.19
-422.2,-5.85
-430.1,-7.15
-428.6,-6.90
-419,-5.32
-422.5,-5.90
-422.6,-5.92
-421.4,-5.72
-430.8,-7.27
-425.2,-6.35
-427.8,-6.78
-427.1,-6.67
-430.6,-7.25
-431.1,-7.33
-428.6,-6.92
-427,-6.66
-432,-7.48
-428.9,-6.97
-424.5,-6.25
-430.6,-7.25
-427.4,-6.73
-423.4,-6.07
-421.7,-5.79
-430.4,-7.22
-428.5,-6.91
-430.5,-7.24
-432.2,-7.52
-427.1,-6.68
-425.7,-6.45
-429.8,-7.13
-433.7,-7.77
-425.5,-6.43
-429.8,-7.13
-428.1,-6.86
-429.5,-7.09
-430.9,-7.32
-431.3,-7.39
-429,-7.01
-435.7,-8.11
-432.6,-7.60
-428.7,-6.96
-431.6,-7.44
-433.6,-7.77
-432.1,-7.52
-430.5,-7.26
-432.7,-7.62
-433.6,-7.77
-437.2,-8.37
-436.3,-8.22
-440.7,-8.94
-436,-8.17
-434.6,-7.94
-435.3,-8.05
-436.1,-8.19
-438.6,-8.60
-440.2,-8.86
-438.4,-8.57
-430.4,-7.25
-440.5,-8.91
-440.4,-8.89
-440.1,-8.85
-438.2,-8.53
-436.4,-8.24
-442.1,-9.17
-443.9,-9.47
-438.6,-8.60
-437.5,-8.41
-448.3,-10.19
-442.7,-9.27
-442.4,-9.22
-443.6,-9.41
-440.8,-8.95
-442.9,-9.30
-441.4,-9.05
-440.1,-8.83
-438,-8.49
-427,-6.68
-427.9,-6.82
-437.1,-8.34
-426.7,-6.63
-440.3,-8.87
-434.3,-7.88
-434.2,-7.86
-429.7,-7.12
-431.7,-7.45
-438.3,-8.53
-441.6,-9.08
-437.4,-8.38
-439.8,-8.78
-443.1,-9.32
-439.4,-8.71
-436.6,-8.24
-440.1,-8.82
-441.9,-9.11
-437.6,-8.40
-442.7,-9.24
-437,-8.30
-443.3,-9.34
-441.3,-9.01
-440.2,-8.82
-440.6,-8.89
-433.5,-7.72
-433.5,-7.72
-446,-9.77
-437.4,-8.36
-441.5,-9.03
-439.3,-8.67
-442.2,-9.14
-443.9,-9.42
-440.1,-8.79
-444.8,-9.56
-438.1,-8.46
-441.4,-9.00
-443.6,-9.36
-445,-9.59
-440.1,-8.78
-443.2,-9.29
-445,-9.58
-444.4,-9.48
-442.5,-9.17
-446.4,-9.81
-442.7,-9.20
-442.2,-9.11
-440.5,-8.83
-441.8,-9.04
-434.6,-7.85
-445.9,-9.71
-439.6,-8.67
-438.3,-8.46
-442.9,-9.21
-443,-9.23
-438.6,-8.50
-441.7,-9.01
-445.4,-9.61
-440.6,-8.82
-444.1,-9.39
-443.3,-9.26
-444.4,-9.44
-440.9,-8.86
-441.2,-8.90
-444.2,-9.40
-440.5,-8.78
-434.6,-7.81
-442.5,-9.11
-442.6,-9.12
-443.8,-9.32
-430.5,-7.12
-441.1,-8.87
-439.5,-8.60
-437.5,-8.27
-442.3,-9.06
-445.8,-9.63
-445.1,-9.51
-443.9,-9.31
-434.7,-7.79
-436.2,-8.04
-435.5,-7.92
-433.5,-7.59
-436.9,-8.15
-434.6,-7.77
-439.7,-8.60
-436.9,-8.14
-444.7,-9.42
-441.9,-8.96
-441.7,-8.92
-446.5,-9.71
-441.3,-8.85
-446.3,-9.67
-440.7,-8.75
-443.6,-9.22
-442.2,-8.99
-441.6,-8.89
-431.7,-7.26
-439.2,-8.49
-441.1,-8.80
-438.3,-8.34
-429.6,-6.91
-433.7,-7.58
-431.8,-7.27
-435.9,-7.94
-436.7,-8.07
-433.2,-7.49
-434.4,-7.69
-432.3,-7.34
-434.6,-7.72
-429,-6.79
-428.2,-6.66
-433.6,-7.55
-425.9,-6.28
-428.4,-6.69
-427.9,-6.61
-426.7,-6.41
-419.4,-5.20
-424.5,-6.04
-421.9,-5.61
-422,-5.63
-418.5,-5.05
-421.2,-5.50
-421.4,-5.53
-424.1,-5.98
-420.7,-5.41
-434.7,-7.72
-432,-7.27
-419.7,-5.25
-430.9,-7.09
-426.8,-6.41
-425.6,-6.21
-424.4,-6.01
-424.6,-6.04
-430.7,-7.05
-431.6,-7.19
-429.1,-6.78
-429.7,-6.88
-423.5,-5.85
-428.7,-6.71
-429.5,-6.84
-428.4,-6.65
-430.5,-7.00
-429.9,-6.90
-428.1,-6.60
-431.1,-7.09
-432.3,-7.28
-430.2,-6.94
-437,-8.05
-430.9,-7.05
-434.2,-7.59
-432.5,-7.30
-438.2,-8.24
-442.2,-8.89
-436.2,-7.90
-437.7,-8.14
-438.8,-8.32
-438,-8.19
-434.8,-7.66
-434.5,-7.60
-434.7,-7.63
-433.4,-7.42
-431.9,-7.17
-434.9,-7.66
-428.4,-6.58
-430.3,-6.89
-428,-6.51
-427.6,-6.45
-434.3,-7.55
-425.9,-6.16
-431.6,-7.10
-427.7,-6.45
-433.4,-7.39
-422.1,-5.53
-430.5,-6.91
-426.4,-6.23
-426.4,-6.23
-425.7,-6.11
-428.8,-6.62
-425.3,-6.04
-424.9,-5.97
-414.2,-4.21
-421.4,-5.39
-422.2,-5.52
-422.4,-5.56
-418,-4.83
-423.3,-5.70
-416.1,-4.51
-419.4,-5.06
-424.3,-5.86
-418.6,-4.92
-420,-5.15
-418.9,-4.97
-415.9,-4.47
-410.1,-3.52
-416.9,-4.64
-413.5,-4.08
-415.7,-4.44
-422.7,-5.59
-420.9,-5.29
-420.7,-5.26
-423.5,-5.72
-421.2,-5.34
-425.9,-6.11
-420.3,-5.19
-429.3,-6.67
-426.6,-6.22
-424.4,-5.86
-424.2,-5.82
-425.2,-5.98
-425.9,-6.10
-425.3,-5.99
-429.1,-6.62
-429.4,-6.67
-426.7,-6.22
-431.2,-6.96
-428.6,-6.52
-434,-7.41
-430.2,-6.78
-435.2,-7.60
-437.3,-7.94
-434.2,-7.43
-430.2,-6.77
-431.6,-6.99
-427.9,-6.38
-427.5,-6.31
-434.8,-7.51
-431.2,-6.91
-430.2,-6.75
-426.3,-6.10
-427.4,-6.28
-438.4,-8.09
-425.7,-5.99
-431.7,-6.98
-426.4,-6.10
-428.1,-6.38
-433,-7.18
-431.6,-6.95
-429.8,-6.65
-431.3,-6.89
-427.2,-6.21
-426.3,-6.06
-426.1,-6.03
-426.7,-6.12
-430.7,-6.78
-420.9,-5.16
-428.3,-6.38
-424.6,-5.77
-424,-5.66
-427.9,-6.31
-432.6,-7.08
-428.7,-6.43
-428.9,-6.46
-432.4,-7.04
-432.5,-7.05
-431.1,-6.81
-428.5,-6.38
-430.4,-6.69
-428.9,-6.44
-429.9,-6.60
-425.9,-5.94
-427.5,-6.20
-430.1,-6.63
-424.4,-5.69
-424.8,-5.75
-434.8,-7.40
-430.2,-6.64
-421.8,-5.25
-424,-5.61
-427.1,-6.12
-427.2,-6.13
-422.4,-5.34
-424.4,-5.67
-423.1,-5.45
-419.9,-4.92
-421,-5.10
-428.4,-6.32
-422.9,-5.41
-424.3,-5.64
-424.5,-5.67
-433.5,-7.15
-420.6,-5.02
-426.9,-6.06
-421.3,-5.13
-428.2,-6.27
-417.1,-4.44
-419.8,-4.88
-419.1,-4.76
-424.1,-5.59
-420.3,-4.96
-428.4,-6.29
-418.8,-4.71
-426.6,-5.99
-416.1,-4.26
-414.9,-4.06
-424.1,-5.57
-421.4,-5.13
-423.3,-5.44
-425.3,-5.77
-423.4,-5.45
-419.8,-4.86
-420.2,-4.92
-420.1,-4.90
-413.4,-3.80
-426.5,-5.96
-418.4,-4.62
-423.1,-5.39
-416.9,-4.37
-420.2,-4.91
-422.3,-5.26
-420.8,-5.01
-421,-5.04
-419.9,-4.86
-417,-4.38
-418.7,-4.66
-421.6,-5.14
-417.7,-4.49
-418.9,-4.69
-423.9,-5.52
-419.2,-4.74
-423.8,-5.50
-422.5,-5.28
-419.1,-4.72
-423.8,-5.49
-424.6,-5.63
-421.1,-5.05
-418.7,-4.65
-414.2,-3.91
-416.9,-4.35
-422.4,-5.26
-422.1,-5.21
-417,-4.37
-417,-4.37
-417,-4.37
-419.6,-4.80
-406.6,-2.65
-415.6,-4.14
-411,-3.38
-416,-4.21
-415.2,-4.07
-414.3,-3.93
-421,-5.03
-416.3,-4.26
-418.3,-4.59
-413,-3.71
-419.2,-4.74
-413.8,-3.85
-414.2,-3.91
-408.5,-2.97
-409.4,-3.12
-412.5,-3.63
-408.4,-2.96
-412.2,-3.59
-413.9,-3.87
-408.9,-3.04
-417.1,-4.40
-412.2,-3.59
-402.6,-2.01
-413.4,-3.79
-412.1,-3.58
-407.2,-2.77
-411.5,-3.48
-413.1,-3.74
-413,-3.73
-409.4,-3.14
-414.3,-3.95
-405.5,-2.49
-411.7,-3.52
-405.4,-2.48
-406.4,-2.65
-407.1,-2.76
-407.5,-2.83
-405.3,-2.47
-404.3,-2.30
-412.6,-3.68
-411,-3.41
-411.9,-3.56
-414.8,-4.04
-407.5,-2.84
-415.1,-4.09
-412.3,-3.63
-410.7,-3.37
-412.8,-3.71
-405.8,-2.56
-405.5,-2.51
-418.7,-4.69
-410.8,-3.39
-414.1,-3.93
-411.1,-3.44
-404.9,-2.41
-415,-4.08
-410.6,-3.36
-415.5,-4.17
-410.1,-3.28
-419.9,-4.89
-413.3,-3.81
-416,-4.25
-417.2,-4.45
-411.2,-3.46
-411.9,-3.58
-416.3,-4.30
-413.5,-3.84
-414.9,-4.07
-412,-3.59
-410.2,-3.30
-413.7,-3.88
-416.4,-4.32
-420.5,-5.00
-415.9,-4.24
-409.9,-3.25
-422.6,-5.35
-418.2,-4.62
-416.4,-4.32
-418.3,-4.64
-419.7,-4.87
-416,-4.26
-406.2,-2.64
-419.5,-4.84
-418.5,-4.67
-417.4,-4.49
-418.3,-4.64
-421.9,-5.23
-414.4,-4.00
-420.8,-5.05
-420.3,-4.97
-420.4,-4.99
-417.4,-4.49
-419,-4.76
-423.1,-5.43
-422.5,-5.33
-422.1,-5.27
-422,-5.25
-417.9,-4.57
-419.1,-4.77
-420.6,-5.02
-416.8,-4.39
-425.7,-5.86
-421.9,-5.23
-422.3,-5.30
-422.5,-5.33
-420.4,-4.98
-425.4,-5.81
-424.6,-5.68
-426.5,-5.99
-428.1,-6.25
-428.5,-6.32
-419,-4.75
-427.1,-6.09
-425.3,-5.79
-427,-6.07
-422.5,-5.32
-429.8,-6.53
-424.6,-5.67
-430.3,-6.61
-433.7,-7.17
-436.3,-7.60
-435.9,-7.53
-430.1,-6.57
-423.6,-5.49
-430.6,-6.65
-432.7,-6.99
-429.5,-6.46
-431.8,-6.84
-424.1,-5.57
-435.4,-7.44
-425.8,-5.85
-432.6,-6.97
-429.9,-6.52
-427,-6.04
-425.5,-5.80
-425.2,-5.75
-430.3,-6.59
-429.9,-6.52
-426.4,-5.94
-432.1,-6.88
-425.6,-5.81
-429.3,-6.42
-432.9,-7.01
-424.9,-5.69
-427.7,-6.15
-428.4,-6.27
-424.9,-5.69
-422.3,-5.26
-424.4,-5.61
-421.3,-5.10
-423.9,-5.53
-421.3,-5.10
-429.4,-6.44
-428.5,-6.29
-424.6,-5.64
-427.3,-6.09
-427.7,-6.16
-418.7,-4.67
-420,-4.89
-421.4,-5.12
-419.7,-4.84
-421,-5.05
-422.2,-5.25
-428.1,-6.23
-427.4,-6.11
-419.2,-4.76
-421.7,-5.17
-422,-5.22
-423.8,-5.52
-418.8,-4.70
-413.9,-3.89
-420.7,-5.01
-423,-5.39
-423.4,-5.46
-423,-5.40
-423.4,-5.46
-414.4,-3.98
-428.9,-6.37
-425.8,-5.86
-422.5,-5.32
-420,-4.91
-431.3,-6.77
-430.2,-6.59
-428.9,-6.38
-427.9,-6.21
-426.1,-5.92
-424.4,-5.64
-419.8,-4.88
-421.5,-5.16
-424.6,-5.67
-424.8,-5.71
-421.5,-5.16
-430.2,-6.60
-425.1,-5.76
-428.6,-6.34
-425.8,-5.87
-425.5,-5.82
-431,-6.73
-415.8,-4.22
-420.2,-4.95
-424.1,-5.59
-426.8,-6.04
-427.7,-6.19
-422.1,-5.27
-424.6,-5.68
-424.2,-5.61
-419.9,-4.90
-422.3,-5.30
-422.6,-5.35
-422.5,-5.33
-425.1,-5.76
-425.6,-5.85
-424.3,-5.63
-422.1,-5.27
-415.2,-4.13
-421.6,-5.19
-424.3,-5.63
-419.7,-4.87
-421,-5.09
-415.7,-4.21
-425.9,-5.90
-418.6,-4.69
-419.9,-4.91
-419.7,-4.88
-419.2,-4.80
-422.7,-5.37
-426.8,-6.05
-418,-4.60
-422.4,-5.32
-421.4,-5.16
-424,-5.59
-416.7,-4.38
-415.8,-4.23
-417.8,-4.57
-417.2,-4.47
-419.1,-4.78
-426,-5.92
-420.7,-5.05
-419.7,-4.88
-411.5,-3.53
-423.7,-5.54
-418.8,-4.73
-417,-4.44
-419.1,-4.78
-419.5,-4.85
-418.4,-4.67
-416.4,-4.34
-416.7,-4.39
-415.2,-4.14
-415.7,-4.22
-424.1,-5.61
-414.3,-3.99
-418,-4.60
-422.9,-5.41
-415.8,-4.24
-420,-4.93
-420.1,-4.95
-420.7,-5.05
-427.2,-6.12
-418.5,-4.68
-414,-3.94
-406.7,-2.73
-408.4,-3.02
-415.4,-4.17
-410.8,-3.41
-412.1,-3.63
-416.9,-4.42
-415.2,-4.14
-415,-4.11
-419.3,-4.82
-422.7,-5.38
-420,-4.94
-420.6,-5.03
-422.4,-5.33
-420.3,-4.98
-419.9,-4.92
-422.6,-5.36
-417.6,-4.54
-420.5,-5.02
-422,-5.26
-415.7,-4.22
-420.2,-4.96
-422.2,-5.30
-409.7,-3.23
-419.1,-4.78
-425.6,-5.86
-415.2,-4.14
-419.2,-4.80
-416.3,-4.32
-412.7,-3.73
-418,-4.60
-421.8,-5.23
-419.6,-4.87
-412.5,-3.69
-425.5,-5.84
-421.3,-5.15
-418.8,-4.73
-413.3,-3.82
-423.2,-5.46
-416.1,-4.29
-419.2,-4.80
-415.8,-4.24
-418.7,-4.72
-418.6,-4.70
-424.7,-5.71
-411.7,-3.56
-421.1,-5.11
-415.7,-4.22
-416.3,-4.32
-415.7,-4.22
-416.6,-4.37
-415.4,-4.17
-420.7,-5.05
-419.4,-4.83
-413.4,-3.84
-423.2,-5.46
-418.8,-4.73
-419.6,-4.86
-410.8,-3.41
-415.6,-4.20
-419.2,-4.80
-421.2,-5.13
-420.6,-5.03
-419.1,-4.78
-413.3,-3.82
-417.2,-4.46
-415.4,-4.16
-423.1,-5.44
-412.5,-3.68
-422.6,-5.35
-418.2,-4.63
-418,-4.59
-412.8,-3.73
-418.3,-4.64
-412.5,-3.68
-419.4,-4.82
-422.5,-5.33
-421.4,-5.15
-417.7,-4.54
-422.3,-5.30
-417.3,-4.47
-424.5,-5.66
-416.4,-4.32
-418.7,-4.70
-418.5,-4.67
-425.8,-5.87
-424.1,-5.59
-421.5,-5.16
-418.8,-4.71
-422.2,-5.28
-420.9,-5.06
-418.7,-4.70
-415.7,-4.20
-421.8,-5.21
-415.7,-4.20
-415.5,-4.17
-418,-4.58
-417.7,-4.53
-424.2,-5.61
-416.3,-4.30
-420.7,-5.03
-416.4,-4.32
-414.9,-4.07
-419.8,-4.88
-416.5,-4.33
-413.8,-3.89
-419,-4.75
-417.4,-4.48
-419.1,-4.76
-413.2,-3.79
-418.5,-4.67
-414.6,-4.02
-420.5,-5.00
-417.9,-4.57
-417.2,-4.45
-416.3,-4.30
-416.2,-4.29
-414,-3.92
-421.3,-5.13
-420,-4.92
-421.5,-5.16
-419.9,-4.90
-415.9,-4.24
-416.7,-4.37
-413.2,-3.79
-411.7,-3.54
-414.7,-4.04
-407.1,-2.79
-411.1,-3.45
-417.5,-4.51
-413.7,-3.88
-419.5,-4.84
-417.3,-4.47
-418.6,-4.69
-415,-4.09
-418.3,-4.64
-416.5,-4.34
-416.5,-4.34
-416,-4.26
-420.6,-5.02
-418,-4.59
-416.9,-4.41
-415.9,-4.24
-419.9,-4.90
-427.6,-6.18
-418.9,-4.74
-419.5,-4.84
-421.3,-5.13
-419.7,-4.87
-419.1,-4.77
-423.2,-5.45
-416.4,-4.32
-423.6,-5.51
-424,-5.58
-423.8,-5.54
-422,-5.24
-419.3,-4.80
-426.3,-5.95
-425,-5.74
-427.9,-6.22
-422.3,-5.29
-432.5,-6.97
-431.1,-6.74
-428.2,-6.26
-434.8,-7.35
-432.6,-6.98
-429.4,-6.45
-434.5,-7.29
-425.7,-5.83
-432.1,-6.89
-424.9,-5.69
-428.3,-6.25
-425.1,-5.72
-424.8,-5.67
-431.5,-6.78
-427.8,-6.16
-418.2,-4.57
-424.7,-5.64
-426.5,-5.94
-423.7,-5.48
-423.7,-5.47
-422.6,-5.29
-425.4,-5.75
-422.4,-5.25
-418.4,-4.59
-420.3,-4.90
-420.2,-4.88
-418.7,-4.64
-421.8,-5.15
-420.8,-4.98
-415,-4.02
-420,-4.85
-423.9,-5.49
-424.6,-5.60
-420.2,-4.87
-419.7,-4.79
-422.1,-5.18
-420.3,-4.89
-418.8,-4.64
-419.5,-4.75
-420.4,-4.90
-422,-5.16
-422.6,-5.26
-421.8,-5.13
-422.7,-5.27
-412.2,-3.54
-417.9,-4.48
-420,-4.82
-415.7,-4.11
-418.1,-4.51
-418.7,-4.60
-414.7,-3.94
-414.7,-3.94
-416,-4.16
-413.1,-3.68
-414.7,-3.94
-411,-3.33
-412.6,-3.59
-409.1,-3.01
-413.4,-3.72
-416,-4.15
-422.2,-5.17
-420.1,-4.83
-418.9,-4.63
-415.3,-4.03
-420.1,-4.82
-416.9,-4.29
-421.2,-5.00
-423.2,-5.32
-421.6,-5.06
-420.5,-4.87
-426.3,-5.83
-421.5,-5.03
-424.5,-5.52
-420.8,-4.91
-424.9,-5.58
-425.2,-5.63
-424.7,-5.54
-429,-6.25
-428.9,-6.23
-429.9,-6.39
-430.4,-6.46
-429.9,-6.38
-430.8,-6.52
-432.6,-6.81
-433.1,-6.89
-436.9,-7.51
-430,-6.36
-433.7,-6.97
-431.1,-6.53
-433.2,-6.88
-430.1,-6.36
-435.2,-7.19
-430.6,-6.43
-430.8,-6.46
-438.6,-7.74
-430,-6.31
-427,-5.81
-429.7,-6.25
-428.7,-6.08
-424.6,-5.39
-434.6,-7.04
-427.2,-5.81
-426.1,-5.62
-425.9,-5.58
-426.1,-5.61
-424.9,-5.41
-422.5,-5.01
-432.3,-6.62
-426.6,-5.67
-418,-4.25
-424.7,-5.35
-431.2,-6.42
-426.4,-5.62
-426.2,-5.58
-419.5,-4.47
-423.5,-5.12
-424.4,-5.27
-424.4,-5.26
-426.3,-5.57
-425.4,-5.41
-421.6,-4.78
-424.7,-5.29
-421.8,-4.80
-422.6,-4.93
-425.8,-5.45
-423.1,-5.00
-422.9,-4.96
-417.8,-4.12
-427.6,-5.73
-427.9,-5.77
-421.4,-4.69
-425.8,-5.41
-424.5,-5.19
-420,-4.44
-426,-5.43
-426.3,-5.47
-425,-5.25
-424.6,-5.18
-422.5,-4.83
-425.9,-5.38
-427.4,-5.62
-420.5,-4.48
-421.3,-4.60
-424.6,-5.14
-427.6,-5.63
-421.4,-4.60
-418.7,-4.15
-424.3,-5.07
-418,-4.02
-416.8,-3.82
-420.1,-4.36
-422.6,-4.77
-421.9,-4.64
-421,-4.49
-418.6,-4.09
-418.7,-4.10
-424.7,-5.08
-413.4,-3.21
-416,-3.64
-418.1,-3.98
-415.4,-3.53
-420.4,-4.35
-422.1,-4.62
-416.7,-3.73
-414.9,-3.42
-422.6,-4.69
-414,-3.26
-412.8,-3.06
-411.4,-2.82
-413.6,-3.18
-412.7,-3.03
-411.5,-2.83
-411.8,-2.87
-406.6,-2.01
-413.5,-3.14
-412.4,-2.96
-413.2,-3.08
-410,-2.55
-406.8,-2.02
-413.3,-3.09
-414.7,-3.31
-414.5,-3.27
-411,-2.69
-409.4,-2.42
-404.6,-1.63
-405.9,-1.84
-409.9,-2.49
-412.1,-2.85
-408,-2.17
-409.7,-2.45
-400.7,-0.96
-408,-2.16
-406.6,-1.92
-408.2,-2.18
-402.3,-1.21
-410.8,-2.60
-407.9,-2.12
-409.4,-2.36
-408.6,-2.23
-407.7,-2.07
-405,-1.62
-409,-2.28
-411,-2.60
-405.1,-1.63
-403.9,-1.42
-411.1,-2.61
-405.7,-1.71
-405.2,-1.63
-410.9,-2.56
-404,-1.42
-405.9,-1.73
-413.8,-3.03
-404.9,-1.55
-400.4,-0.81
-402.9,-1.21
-401.7,-1.01
-403.1,-1.24
-401.8,-1.02
-405.3,-1.60
-404.6,-1.48
-402.9,-1.19
-399.1,-0.56
-403.7,-1.32
-406.1,-1.71
-397.6,-0.30
-400.6,-0.79
-398.4,-0.43
-401.8,-0.99
-405.3,-1.56
-395.6,0.04
-399.3,-0.56
-398.9,-0.50
-399.3,-0.56
-397.9,-0.32
-393.9,0.34
-400.2,-0.70
-400.6,-0.76
-397.2,-0.20
-398.4,-0.39
-398.3,-0.37
-393.7,0.39
-399.1,-0.50
-399.2,-0.51
-393.7,0.40
-398.6,-0.41
-395.6,0.09
-401.4,-0.87
-400.1,-0.65
-387.8,1.38
-391.8,0.73
-389.3,1.14
-395.9,0.05
-401.7,-0.90
-394.9,0.22
-398.2,-0.32
-400.5,-0.70
-393.7,0.43
-393.3,0.50
-392.1,0.70
-399.3,-0.49
-395.4,0.16
-396.9,-0.09
-398.5,-0.35
-396.8,-0.07
-391.9,0.75
-397.6,-0.19
-394.7,0.29
-394,0.41
-388.4,1.33
-395.5,0.16
-386.8,1.60
-393.1,0.56
-392.8,0.61
-394.6,0.32
-395.4,0.19
-392.2,0.72
-394.9,0.28
-394.8,0.30
-391.4,0.87
-398.7,-0.33
-396,0.12
-388.9,1.29
-392.7,0.67
-388.5,1.37
-395.1,0.28
-391.4,0.89
-389.3,1.25
-384.1,2.11
-392.3,0.76
-392.9,0.66
-390.1,1.13
-394.1,0.47
-396.3,0.11
-391.9,0.84
-390.2,1.13
-393.5,0.59
-385.1,1.98
-393.5,0.59
-385.6,1.90
-387.8,1.54
-389.6,1.25
-388.3,1.47
-392.4,0.79
-390.3,1.14
-388.9,1.38
-391.3,0.99
-393,0.71
-391.5,0.96
-389.6,1.28
-391.2,1.02
-390.6,1.12
-386.2,1.85
-389.5,1.31
-387.8,1.59
-388.9,1.42
-387.9,1.58
-386.2,1.87
-382.4,2.50
-390.6,1.15
-391,1.08
-382.5,2.49
-390.2,1.22
-389.2,1.39
-389.3,1.38
-388.3,1.55
-389.4,1.37
-388.3,1.55
-383.6,2.33
-386.4,1.87
-380.3,2.88
-387.6,1.68
-391.8,0.98
-384.3,2.23
-383.5,2.36
-387.7,1.67
-388.6,1.52
-387.6,1.69
-384.9,2.14
-389,1.46
-395,0.47
-390.4,1.24
-388.8,1.50
-391.3,1.09
-387.6,1.71
-390.5,1.23
-387.1,1.80
-385.5,2.06
-384,2.31
-387.6,1.72
-381.6,2.71
-384.8,2.18
-390.3,1.28
-388,1.66
-386,1.99
-387.6,1.73
-387.3,1.78
-385.6,2.06
-384.7,2.21
-385.6,2.06
-388.1,1.65
-382.8,2.53
-381.7,2.71
-383.9,2.34
-391.6,1.07
-383.3,2.44
-385.4,2.09
-385.1,2.14
-388.1,1.65
-384,2.32
-394.9,0.52
-383.2,2.45
-383.7,2.37
-387.5,1.74
-390.2,1.29
-382.6,2.55
-391.4,1.09
-384.7,2.20
-389,1.48
-379.8,3.01
-389,1.48
-390.1,1.30
-383.5,2.39
-381.4,2.73
-384,2.30
-383.9,2.32
-388.7,1.52
-379,3.12
-383.9,2.31
-385.5,2.04
-382.9,2.47
-388,1.62
-392.8,0.83
-382.6,2.51
-382.9,2.46
-383.7,2.33
-375,3.77
-382.6,2.50
-379.8,2.96
-375.6,3.66
-386,1.93
-382.7,2.48
-384.9,2.11
-380,2.92
-389.2,1.39
-388.3,1.54
-392.5,0.84
-386.4,1.85
-384.7,2.13
-392.3,0.87
-393.9,0.60
-387.2,1.71
-384.8,2.10
-381,2.73
-388,1.57
-384,2.23
-390.7,1.11
-392.5,0.81
-385,2.05
-391.8,0.92
-389.7,1.27
-385.2,2.01
-386.8,1.74
-388.6,1.44
-391.5,0.96
-385.8,1.90
-387.1,1.68
-385,2.03
-385.2,1.99
-390.3,1.14
-389.5,1.27
-389.1,1.33
-388.1,1.50
-390.6,1.08
-387.3,1.62
-393.5,0.59
-395.8,0.21
-384.4,2.09
-388.6,1.39
-390.5,1.08
-390.3,1.11
-383.2,2.28
-392.2,0.79
-384,2.14
-391.8,0.84
-391.4,0.91
-384.4,2.06
-384.4,2.06
-394.2,0.43
-390.1,1.11
-394.8,0.33
-393.8,0.49
-388.7,1.33
-389.7,1.16
-386,1.77
-385.1,1.91
-387.6,1.50
-382.2,2.39
-380.9,2.60
-383.6,2.14
-382.7,2.29
-377.1,3.21
-381.2,2.53
-377.2,3.18
-383.5,2.14
-379.5,2.79
-377,3.20
-380.3,2.65
-384.8,1.90
-383.2,2.16
-382.6,2.25
-380.4,2.61
-378.9,2.86
-386.1,1.66
-384.7,1.89
-383.5,2.08
-378,2.98
-375.9,3.33
-381.2,2.44
-379.2,2.77
-378.1,2.95
-383.5,2.04
-378,2.95
-374.1,3.59
-376.1,3.25
-378.7,2.81
-369.1,4.40
-375.3,3.36
-371.8,3.93
-369.4,4.32
-368.7,4.43
-375.1,3.36
-371.4,3.97
-376,3.20
-374.3,3.47
-375.5,3.26
-368.7,4.38
-379.6,2.56
-366.1,4.79
-370.8,4.00
-377.4,2.90
-370.2,4.08
-373.9,3.46
-365.8,4.79
-366.2,4.71
-370.1,4.06
-365.2,4.86
-371.3,3.84
-375.7,3.10
-372.2,3.66
-365,4.84
-361.2,5.46
-370.2,3.96
-373.9,3.34
-368,4.30
-366.2,4.59
-366.6,4.51
-374.7,3.16
-370.8,3.79
-370.2,3.88
-379.4,2.35
-372.3,3.52
-371.4,3.66
-365.6,4.61
-373,3.38
-374.5,3.12
-368.6,4.09
-370.3,3.80
-370.4,3.77
-365.6,4.56
-377.1,2.65
-375,2.98
-375.6,2.88
-366.6,4.35
-372.1,3.44
-374.3,3.06
-370,3.77
-373,3.26
-372.6,3.32
-371.7,3.46
-372.2,3.37
-373.9,3.08
-380.8,1.93
-377.8,2.42
-370,3.70
-372.3,3.31
-374.6,2.92
-373.6,3.08
-371.9,3.35
-378.1,2.31
-375.6,2.72
-374.4,2.91
-371.4,3.39
-382.4,1.57
-379,2.12
-374.7,2.82
-378.5,2.19
-380.1,1.91
-375.8,2.61
-374.9,2.75
-381.4,1.67
-381.5,1.64
-371.7,3.25
-386.7,0.77
-384.4,1.14
-378.2,2.15
-381.8,1.55
-383,1.34
-385.7,0.89
-384.7,1.04
-384.9,1.00
-386,0.81
-385.4,0.90
-391.9,-0.18
-388.2,0.42
-386.9,0.63
-387.9,0.46
-388.2,0.40
-385.9,0.77
-388.4,0.35
-392.4,-0.32
-388,0.40
-387.4,0.49
-389.9,0.07
-385.7,0.75
-391.6,-0.23
-390.9,-0.12
-400.2,-1.67
-397.1,-1.17
-394.2,-0.69
-396.8,-1.13
-396.5,-1.09
-399.5,-1.59
-399,-1.52
-400.4,-1.76
-400.5,-1.78
-398,-1.38
-406.9,-2.85
-405.3,-2.60
-398.7,-1.52
-399.5,-1.66
-397.5,-1.33
-402.1,-2.10
-403.4,-2.32
-403.1,-2.28
-408.3,-3.15
-402.1,-2.13
-408.2,-3.14
-408.9,-3.27
-405.6,-2.73
-410,-3.46
-408.8,-3.27
-411.6,-3.74
-410.4,-3.55
-415.2,-4.35
-413.8,-4.13
-407.1,-3.03
-408.2,-3.21
-417.2,-4.71
-417,-4.68
-410.2,-3.57
-406.7,-2.99
-410.9,-3.70
-415.6,-4.48
-417.5,-4.80
-420.6,-5.32
-410.5,-3.66
-418.7,-5.02
-417.6,-4.84
-419.6,-5.18
-422.7,-5.70
-416.3,-4.65
-422.1,-5.61
-421.3,-5.48
-421.2,-5.47
-423.7,-5.89
-423,-5.79
-422.8,-5.76
-426.1,-6.31
-424.6,-6.07
-425.9,-6.29
-429.4,-6.88
-438.2,-8.34
-430,-6.99
-434,-7.66
-434.6,-7.77
-434.3,-7.73
-434.7,-7.80
-430.7,-7.15
-428.7,-6.83
-435.8,-8.01
-432.5,-7.47
-426.8,-6.54
-431.9,-7.39
-437.9,-8.39
-434.8,-7.89
-438.3,-8.48
-439.8,-8.73
-440,-8.77
-436.9,-8.27
-438.3,-8.51
-435.9,-8.12
-437.9,-8.46
-439.2,-8.68
-431.6,-7.44
-431.7,-7.46
-436.6,-8.28
-435.5,-8.11
-433.4,-7.77
-436.9,-8.35
-438.3,-8.59
-435.8,-8.19
-433.2,-7.77
-436.6,-8.33
-434.9,-8.06
-437.5,-8.49
-437.7,-8.53
-434,-7.93
-439.6,-8.85
-440.5,-9.01
-439.1,-8.78
-443,-9.43
-440.8,-9.07
-440,-8.94
-442.3,-9.32
-438.9,-8.77
-437.5,-8.54
-437.6,-8.57
-439.3,-8.85
-441,-9.14
-437,-8.48
-440.9,-9.13
-434.1,-8.01
-441.2,-9.19
-440.7,-9.11
-436.8,-8.47
-435.3,-8.22
-440.4,-9.06
-438,-8.67
-440.1,-9.02
-440.8,-9.13
-441,-9.17
-438.5,-8.76
-439,-8.84
-436.2,-8.38
-438.8,-8.81
-442,-9.33
-433.9,-8.00
-433.6,-7.95
-437,-8.51
-432.8,-7.82
-436.4,-8.42
-438.6,-8.78
-441.7,-9.29
-437.6,-8.61
-438.2,-8.71
-434.8,-8.15
-435.5,-8.27
-431.8,-7.66
-435.3,-8.23
-439.4,-8.91
-439,-8.84
-440.2,-9.04
-434.1,-8.04
-430.8,-7.50
-437,-8.51
-440.6,-9.10
-436,-8.35
-440.5,-9.09
-439.2,-8.87
-434.3,-8.07
-431.7,-7.64
-435.7,-8.30
-436,-8.34
-436.8,-8.47
-433.5,-7.93
-436.8,-8.47
-435.6,-8.27
-433.4,-7.91
-439.8,-8.96
-435.3,-8.22
-434.6,-8.10
-433.5,-7.92
-440,-8.99
-436.4,-8.39
-438.9,-8.80
-441.9,-9.29
-439,-8.82
-430.3,-7.38
-434.6,-8.09
-437,-8.48
-436.1,-8.33
-433.9,-7.97
-435.2,-8.18
-426.9,-6.82
-436.1,-8.33
-432,-7.65
-433.5,-7.90
-431.3,-7.54
-435.7,-8.26
-437.9,-8.62
-438.9,-8.78
-439.5,-8.87
-437.2,-8.49
-439.1,-8.80
-434.7,-8.07
-430.2,-7.33
-430.3,-7.35
-435.5,-8.20
-432.2,-7.66
-429.1,-7.15
-433.9,-7.94
-435.2,-8.15
-436.6,-8.38
-436.2,-8.31
-432.2,-7.65
-435.2,-8.14
-436.2,-8.31
-434.9,-8.09
-437.3,-8.49
-433.5,-7.86
-433.5,-7.86
-427.7,-6.91
-433.4,-7.84
-427.8,-6.92
-429.1,-7.14
-428.3,-7.00
-428,-6.96
-427.8,-6.92
-429.3,-7.17
-428.5,-7.04
-431.6,-7.55
-431.6,-7.55
-430.2,-7.31
-431.5,-7.53
-430.9,-7.43
-432.3,-7.66
-433,-7.77
-430.9,-7.42
-429.3,-7.16
-435.1,-8.11
-428.4,-7.01
-432,-7.60
-432.6,-7.70
-432.3,-7.65
-433,-7.76
-433.3,-7.81
-434,-7.93
-432.1,-7.61
-431,-7.43
-432.4,-7.66
-430.8,-7.40
-429.4,-7.17
-431.1,-7.45
-435.3,-8.14
-433.4,-7.83
-433.7,-7.88
-433.7,-7.88
-434.9,-8.07
-438.4,-8.65
-433.9,-7.91
-433.8,-7.89
-432.29,-7.64
-434.3,-7.97
-436.7,-8.36
-441.2,-9.10
-440.6,-9.00
-434.7,-8.03
-435.7,-8.19
-437.2,-8.43
-438.4,-8.63
-442.4,-9.28
-440.9,-9.03
-439,-8.72
-441.3,-9.09
-440.3,-8.93
-437.6,-8.48
-437.9,-8.53
-442.3,-9.25
-436.9,-8.36
-437,-8.38
-438.5,-8.62
-440.7,-8.99
-446.4,-9.92
-447.1,-10.03
-444.34,-9.58
-439.5,-8.78
-440.6,-8.96
-444.6,-9.61
-438,-8.53
-440.5,-8.94
-439.5,-8.77
-438.7,-8.64
-444.1,-9.52
-441.9,-9.16
-436.5,-8.27
-437.4,-8.41
-439.85,-8.82
-437.8,-8.48
-441.2,-9.04
-440.7,-8.95
-441.1,-9.02
-445.4,-9.73
-441.4,-9.07
-435.6,-8.11
-434.4,-7.92
-432.3,-7.57
-430.6,-7.29
-423.1,-6.06
-425.9,-6.52
-421.1,-5.74
-427.9,-6.86
-431.7,-7.49
-428.7,-6.99
-428.3,-6.93
-430.5,-7.30
-431,-7.38
-432.17,-7.58
-434.51,-7.96
-431.46,-7.46
-431.52,-7.47
-430.99,-7.39
-432.9,-7.70
-432.1,-7.57
-432.1,-7.57
-435.7,-8.17
-434.8,-8.02
-435.3,-8.10
-436.1,-8.23
-434.7,-8.00
-441,-9.04
-440,-8.87
-435.5,-8.13
-430.1,-7.24
-428.2,-6.93
-431.9,-7.54
-427,-6.73
-426.3,-6.62
-424.9,-6.39
-425.4,-6.47
-423.8,-6.21
-428,-6.91
-423.49,-6.17
-430.5,-7.32
-433.5,-7.82
-427.5,-6.83
-428.3,-6.97
-427.8,-6.88
-428,-6.92
-431.2,-7.45
-429.2,-7.12
-438.1,-8.58
-437.7,-8.52
-430.9,-7.40
-429.2,-7.12
-437,-8.40
-442.41,-9.28
-440.3,-8.93
-443.7,-9.49
-441.5,-9.12
-437,-8.38
-438.5,-8.62
-439.3,-8.75
-438,-8.54
-436.3,-8.25
-442,-9.19
-440.39,-8.92
-438.7,-8.64
-433.4,-7.77
-436,-8.19
-439.3,-8.73
-437.2,-8.39
-436,-8.19
-434.9,-8.00
-441.48,-9.08
-438.2,-8.54
-435.8,-8.15
-432.7,-7.63
-438.6,-8.60
-437,-8.34
-440.3,-8.88
-431.2,-7.38
-432.6,-7.61
-432.2,-7.54
-432.3,-7.56
-431,-7.34
-428.8,-6.98
-434.7,-7.95
-431.4,-7.41
-429.9,-7.16
-424.8,-6.32
-427.6,-6.79
-423.2,-6.06
-421.8,-5.83
-427.4,-6.76
-429.4,-7.09
-425.6,-6.46
-426.9,-6.68
-435.8,-8.14
-434.3,-7.89
-425.6,-6.46
-426.3,-6.58
-425.8,-6.49
-427.6,-6.79
-432.1,-7.53
-432.7,-7.63
-432.2,-7.54
-426.7,-6.64
-426.4,-6.59
-435.2,-8.03
-432.9,-7.65
-434.5,-7.91
-435.84,-8.13
-436.91,-8.31
-435.8,-8.12
-436.73,-8.27
-435.83,-8.12
-436.22,-8.18
-437.82,-8.44
-438.58,-8.56
-436,-8.13
-436.9,-8.28
-431.6,-7.40
-429,-6.97
-426.4,-6.55
-423.3,-6.03
-427,-6.64
-422.6,-5.92
-422.1,-5.84
-427.24,-6.68
-423.7,-6.10
-429.8,-7.10
-427.7,-6.76
-431.9,-7.45
-427.47,-6.71
-432,-7.46
-433.1,-7.64
-438.1,-8.46
-431.7,-7.40
-436.2,-8.14
-433,-7.61
-436.45,-8.17
-436.5,-8.18
-439.7,-8.70
-437.4,-8.32
-435.9,-8.07
-435.4,-7.99
-436.2,-8.12
-434.35,-7.81
-437.81,-8.38
-432.8,-7.56
-435.4,-7.98
-431.7,-7.37
-434.7,-7.87
-438,-8.41
-432.2,-7.46
-433.2,-7.62
-435.2,-7.95
-436.43,-8.15
-440.9,-8.89
-440.8,-8.87
-443,-9.23
-439.2,-8.60
-438.8,-8.53
-439.7,-8.68
-440.9,-8.87
-437.3,-8.28
-437.3,-8.28
-436.3,-8.11
-429.2,-6.94
-428.3,-6.79
-421.1,-5.61
-425.5,-6.33
-428.6,-6.84
-428.09,-6.76
-427.2,-6.61
-435.2,-7.93
-422.5,-5.84
-421.7,-5.71
-419.8,-5.40
-423.37,-5.99
-422.5,-5.85
-425.4,-6.32
-426.7,-6.54
-427.6,-6.69
-423,-5.93
-429.5,-7.00
-429,-6.92
-429.8,-7.05
-432.3,-7.46
-435.8,-8.03
-439.73,-8.68
-436.6,-8.16
-440.7,-8.83
-439.2,-8.58
-436.9,-8.20
-430.4,-7.13
-441.47,-8.95
-438.1,-8.39
-432.5,-7.47
-437.3,-8.26
-439.4,-8.60
-439.9,-8.68
-441.94,-9.02
-436.38,-8.10
-438.8,-8.49
-437.6,-8.29
-441.9,-9.00
-440.6,-8.79
-437.8,-8.32
-442.4,-9.08
-442.3,-9.06
-439.2,-8.55
-443.4,-9.24
-441.3,-8.89
-436,-8.02
-439,-8.51
-438.4,-8.41
-441,-8.84
-440.4,-8.74
-441,-8.84
-440.6,-8.77
-443.4,-9.23
-437.9,-8.32
-443.6,-9.26
-443.3,-9.20
-441.1,-8.84
-437.9,-8.31
-439.4,-8.55
-438.2,-8.35
-442.4,-9.04
-441.1,-8.82
-438.8,-8.43
-443.2,-9.15
-440.2,-8.66
-438.4,-8.35
-435.5,-7.87
-433.3,-7.51
-439.3,-8.50
-438.8,-8.41
-437.7,-8.22
-438.4,-8.34
-435.7,-7.89
-435.4,-7.84
-435,-7.77
-434.3,-7.65
-434.6,-7.69
-432.4,-7.33
-427.2,-6.47
-430.6,-7.03
-428.9,-6.75
-428.2,-6.63
-428.2,-6.63
-421.6,-5.54
-422.1,-5.62
-423.4,-5.83
-418.9,-5.09
-418.5,-5.02
-414.6,-4.38
-411.6,-3.89
-414.2,-4.32
-412.4,-4.03
-422.5,-5.69
-422.5,-5.69
-422.21,-5.64
-421.8,-5.57
-427.9,-6.58
-425.1,-6.12
-425.62,-6.20
-428.2,-6.62
-421.1,-5.45
-425.1,-6.11
-425.1,-6.11
-428.9,-6.73
-428.9,-6.73
-426.1,-6.27
-427.6,-6.51
-428.5,-6.66
-433.2,-7.43
-426.4,-6.31
-428.9,-6.71
-430.8,-7.02
-436.7,-7.99
-436.9,-8.01
-431.3,-7.08
-437.3,-8.06
-430.7,-6.97
-432,-7.18
-432.6,-7.27
-429.4,-6.74
-430.5,-6.91
-426.7,-6.28
-430.7,-6.93
-421.9,-5.48
-423.51,-5.74
-417.5,-4.75
-418.7,-4.94
-417.1,-4.67
-417.7,-4.77
-428.3,-6.51
-425,-5.96
-429.2,-6.64
-426.4,-6.17
-425.5,-6.02
-422,-5.43
-429,-6.58
-434.5,-7.47
-429.3,-6.60
-430.3,-6.75
-430.7,-6.81
-431.9,-6.99
-427.3,-6.22
-433.7,-7.26
-425.8,-5.95
-431,-6.79
-427.5,-6.20
-427.6,-6.21
-426.3,-5.98
-424.5,-5.67
-430,-6.57
-422.6,-5.34
-419.9,-4.88
-422.8,-5.35
-421.1,-5.06
-421.1,-5.05
-423,-5.35
-417.7,-4.47
-421.9,-5.15
-420.5,-4.91
-420.7,-4.93
-413.9,-3.80
-421,-4.96
-418.6,-4.56
-420.7,-4.90
-417.7,-4.39
-420.3,-4.81
-419,-4.59
-416.7,-4.20
-415.3,-3.96
-414.8,-3.87
-413.7,-3.68
-410.9,-3.20
-412.3,-3.43
-413.2,-3.57
-413.3,-3.57
-409.9,-3.00
-408.5,-2.76
-410.6,-3.10
-409.5,-2.92
-409.2,-2.86
-408.1,-2.67
-405,-2.16
-407.7,-2.60
-413.9,-3.61
-407.7,-2.58
-408.7,-2.74
-402.5,-1.71
-403.1,-1.81
-406,-2.29
-409.5,-2.86
-407.4,-2.51
-405.5,-2.19
-405.9,-2.25
-406.7,-2.38
-404.7,-2.04
-407.25,-2.46
-405.5,-2.17
-406.2,-2.28
-408.4,-2.64
-408.7,-2.68
-400.8,-1.37
-403,-1.73
-404.2,-1.93
-406.4,-2.29
-402.5,-1.65
-408,-2.55
-408.5,-2.63
-407.3,-2.43
-407.5,-2.47
-407.2,-2.41
-403.1,-1.73
-406,-2.21
-405.5,-2.13
-406.3,-2.26
-406.5,-2.29
-401.2,-1.42
-411.8,-3.17
-407.82,-2.51
-405.35,-2.10
-403.4,-1.78
-402.8,-1.68
-407.7,-2.50
-410.4,-2.94
-410.4,-2.94
-412.1,-3.22
-410.3,-2.92
-416.1,-3.88
-415,-3.70
-415,-3.69
-412.3,-3.24
-415,-3.69
-418.9,-4.33
-417.8,-4.14
-414.4,-3.58
-421,-4.67
-422.6,-4.93
-421.3,-4.71
-418.4,-4.22
-423.98,-5.14
-417.8,-4.11
-421.6,-4.74
-422.1,-4.82
-420.1,-4.48
-418.5,-4.21
-422.84,-4.92
-422,-4.78
-417.9,-4.09
-419.4,-4.34
-417.5,-4.02
-413.4,-3.34
-417,-3.93
-420.7,-4.54
-417.3,-3.97
-413.3,-3.31
-414.06,-3.43
-413.6,-3.35
-413.9,-3.40
-413.9,-3.40
-409.5,-2.67
-416.9,-3.89
-411.5,-3.00
-411.6,-3.02
-414,-3.41
-414.7,-3.53
-413.3,-3.29
-413,-3.24
-411.6,-3.01
-409.1,-2.60
-406.8,-2.22
-411.9,-3.06
-412.9,-3.23
-410,-2.75
-416.2,-3.77
-411.4,-2.98
-410.9,-2.89
-411.2,-2.94
-412,-3.08
-413.2,-3.27
-410.1,-2.76
-411.4,-2.98
-408.28,-2.46
-407.8,-2.39
-407.2,-2.29
-410.7,-2.87
-407.55,-2.35
-407.9,-2.41
-406.5,-2.19
-409.1,-2.62
-409,-2.61
-409.8,-2.74
-405,-1.95
-403.4,-1.69
-406.7,-2.24
-407.5,-2.38
-403,-1.64
-403.2,-1.67
-407.1,-2.32
-403.9,-1.80
-408.3,-2.53
-406.2,-2.19
-401.4,-1.40
-407.4,-2.39
-401.7,-1.46
-406.4,-2.24
-401,-1.35
-403.5,-1.77
-401.8,-1.49
-403.9,-1.84
-394.2,-0.24
-401.1,-1.39
-402,-1.55
-400.3,-1.27
-400.4,-1.29
-405.91,-2.21
-403.4,-1.80
-407.2,-2.43
-404.6,-2.01
-399.2,-1.12
-399.1,-1.11
-403,-1.76
-406.4,-2.33
-398.8,-1.07
-400.7,-1.39
-404.7,-2.06
-404.6,-2.05
-407.2,-2.48
-404.3,-2.01
-406.3,-2.34
-404.4,-2.03
-402.6,-1.74
-404.2,-2.01
-401.1,-1.50
-408.6,-2.75
-404.9,-2.14
-407.8,-2.62
-407.6,-2.59
-405.64,-2.27
-402.8,-1.81
-403.86,-1.99
-403.9,-2.00
-405.7,-2.30
-403.2,-1.89
-401.3,-1.58
-406.1,-2.38
-403.5,-1.96
-403.3,-1.93
-408.22,-2.75
-407.9,-2.70
-409.8,-3.02
-403.5,-1.98
-400,-1.41
-402.1,-1.76
-407.57,-2.67
-406.5,-2.50
-402.6,-1.86
-407,-2.59
-403.9,-2.09
-402.2,-1.81
-403.2,-1.98
-402.8,-1.92
-402.2,-1.83
-399.51,-1.39
-404.64,-2.25
-397.03,-1.00
-399.4,-1.39
-397.99,-1.17
-401.6,-1.77
-400.75,-1.64
-401.04,-1.70
-399.6,-1.46
-404.3,-2.25
-402.8,-2.01
-405.8,-2.51
-404,-2.22
-405,-2.39
-405.6,-2.50
-408,-2.90
-409.7,-3.19
-407.4,-2.82
-407.8,-2.89
-407.1,-2.78
-408.1,-2.95
-412.7,-3.72
-412.7,-3.72
-414.6,-4.04
-415,-4.11
-414.3,-4.00
-417,-4.45
-414.2,-4.00
-411.2,-3.50
-419.4,-4.87
-418.8,-4.77
-418.1,-4.66
-415.5,-4.23
-422.5,-5.39
-425.4,-5.88
-420.1,-5.00
-421.6,-5.25
-422.79,-5.45
-421,-5.16
-421.4,-5.23
-418.8,-4.80
-419.76,-4.96
-425.3,-5.88
-423,-5.51
-420.4,-5.08
-421.65,-5.29
-426.6,-6.11
-425.8,-5.98
-426.38,-6.08
-424,-5.69
-427.9,-6.34
-427.9,-6.34
-431.2,-6.89
-428.9,-6.52
-431.3,-6.92
-430.2,-6.74
-431.5,-6.96
-434.6,-7.47
-431.9,-7.03
-442.4,-8.77
-438.72,-8.16
-434,-7.38
-431.7,-7.01
-435.04,-7.57
-438.1,-8.08
-438.8,-8.20
-438.5,-8.16
-437.94,-8.07
-441.8,-8.72
-438.3,-8.15
-441.6,-8.70
-437.3,-7.99
-441.5,-8.69
-440.7,-8.57
-441.2,-8.65
-437.7,-8.08
-440.6,-8.56
-437.6,-8.07
-437,-7.98
-437.16,-8.01
-433.8,-7.46
-435.6,-7.76
-436.8,-7.96
-428.1,-6.52
-428.8,-6.64
-427.1,-6.36
-425,-6.02
-420,-5.19
-416.1,-4.55
-425.7,-6.13
-423.4,-5.75
-428.1,-6.53
-426.4,-6.24
-423.6,-5.78
-427.9,-6.48
-427.6,-6.43
-433.3,-7.36
-434.6,-7.57
-435.9,-7.77
-432.6,-7.21
-436.4,-7.83
-439.4,-8.31
-438.7,-8.18
-439.7,-8.33
-438.7,-8.15
-438.6,-8.12
-435,-7.51
-433.4,-7.23
-425.2,-5.87
-427.7,-6.27
-419.4,-4.89
-431.8,-6.92
-429.4,-6.51
-429.6,-6.53
-436.7,-7.69
-437,-7.72
-436.3,-7.59
-434.74,-7.32
-435.7,-7.46
-433.6,-7.10
-432.3,-6.87
-431.2,-6.67
-430.5,-6.54
-427.3,-6.00
-427.19,-5.97
-424.3,-5.48
-428.5,-6.16
-427.7,-6.01
-428.2,-6.07
-428.4,-6.09
-426.6,-5.78
-428.2,-6.03
-426,-5.65
-427.1,-5.81
-420.86,-4.76
-423,-5.10
-422.1,-4.94
-420.5,-4.66
-421.4,-4.79
-422.3,-4.92
-422,-4.85
-422.4,-4.89
-420.3,-4.53
-420.9,-4.61
-413.7,-3.40
-416.7,-3.88
-414,-3.42
-414.1,-3.43
-414.7,-3.51
-413.2,-3.25
-417.5,-3.95
-415.5,-3.60
-413.8,-3.31
-410.4,-2.73
-406.5,-2.08
-412.9,-3.13
-409.8,-2.61
-411.3,-2.85
-406.9,-2.11
-411.3,-2.83
-408.8,-2.41
-411.2,-2.80
-412.8,-3.07
-408.73,-2.39
-409,-2.43
-407.2,-2.13
-411.8,-2.89
-410.94,-2.74
-410,-2.59
-406.4,-1.99
-406.5,-2.01
-409.2,-2.45
-412,-2.91
-407,-2.09
-408.5,-2.33
-405.6,-1.86
-409.5,-2.50
-403.9,-1.58
-405.1,-1.78
-404.3,-1.65
-408.9,-2.41
-408.7,-2.38
-402.8,-1.41
-408.7,-2.39
-410.1,-2.62
-407.9,-2.26
-405.5,-1.87
-397.6,-0.57
-400.9,-1.12
-403.7,-1.59
-400,-0.99
-400,-1.00
-398.3,-0.72
-400.3,-1.06
-401.2,-1.22
-398.7,-0.81
-395.3,-0.26
-396.8,-0.52
-397,-0.56
-393.6,-0.01
-391.7,0.29
-391.1,0.38
-391,0.38
-387,1.03
-392.6,0.09
-386,1.17
-389.9,0.51
-382.5,1.72
-377.9,2.46
-377.2,2.56
-379.3,2.20
-380.5,1.98
-375.9,2.73
-380.4,1.96
-378.8,2.21
-375.7,2.71
-378,2.31
-377.2,2.42
-379.3,2.06
-380.5,1.84
-380,1.91
-380,1.89
-384.8,1.08
-377.9,2.20
-380.2,1.81
-381.5,1.57
-384,1.14
-386.3,0.74
-386.9,0.63
-388.4,0.36
-384.4,1.01
-384.4,0.99
-383.1,1.19
-384.9,0.87
-388.8,0.21
-390.7,-0.12
-391.1,-0.21
-391.9,-0.36
-397.2,-1.25
-399.6,-1.66
-403.5,-2.32
-402.2,-2.13
-400.3,-1.83
-403.7,-2.41
-403.7,-2.42
-407.4,-3.05
-406,-2.83
-408.2,-3.21
-409.6,-3.45
-409.4,-3.43
-415.7,-4.49
-411.3,-3.77
-413.9,-4.22
-419,-5.07
-415,-4.42
-419.8,-5.22
-422.5,-5.68
-423.9,-5.92
-426.8,-6.40
-433.8,-7.56
-430,-6.94
-429.1,-6.80
-431.61,-7.22
-424.2,-6.01
-421.2,-5.52
-424,-5.99
-427.54,-6.58
-422,-5.67
-421.9,-5.66
-421.5,-5.60
-425.6,-6.29
-422.9,-5.85
-423.6,-5.97
-427.7,-6.65
-425.3,-6.26
-425.6,-6.32
-429.4,-6.95
-429.1,-6.91
-432.2,-7.43
-431.5,-7.32
-435.2,-7.93
-431.3,-7.29
-434.1,-7.76
-434.3,-7.80
-432.4,-7.49
-432.2,-7.46
-432.12,-7.45
-430.74,-7.23
-432.6,-7.54
-437.17,-8.29
-438.85,-8.57
-437.1,-8.28
-436.1,-8.12
-437.4,-8.33
-433,-7.60
-437.4,-8.33
-434.8,-7.89
-438.4,-8.48
-437.8,-8.38
-433.6,-7.68
-432.8,-7.55
-432.4,-7.48
-430.5,-7.17
-435.5,-7.99
-436.8,-8.20
-434.2,-7.77
-432.4,-7.47
-434.7,-7.85
-434.9,-7.88
-433.9,-7.72
-441.2,-8.92
-435.6,-7.99
-433.9,-7.71
-433.76,-7.69
-430.3,-7.12
-429.5,-6.99
-433.7,-7.68
-430.5,-7.16
-429.1,-6.93
-436.4,-8.13
-431.3,-7.29
-429.4,-6.98
-430.5,-7.17
-428.4,-6.82
-427,-6.59
-423.5,-6.02
-427.6,-6.70
-432,-7.43
-430.6,-7.20
-432.5,-7.51
-437.8,-8.38
-431.6,-7.36
-431,-7.27
-431.5,-7.35
-435.4,-7.99
-438,-8.42
-435.2,-7.96
-435.8,-8.06
-427.4,-6.68
-431.1,-7.29
-429.4,-7.01
-432.1,-7.46
-435.1,-7.95
-437.5,-8.35
-434.6,-7.87
-431.8,-7.41
-432.5,-7.53
-434.5,-7.86
-429.3,-7.00
-434.8,-7.91
-429.5,-7.04
-424.4,-6.20
-424.1,-6.16
-424.1,-6.17
-428.5,-6.90
-426.3,-6.54
-428,-6.83
-430.9,-7.31
-428.9,-6.98
-427.3,-6.72
-431.3,-7.39
-431.7,-7.45
-432.1,-7.52
-430.4,-7.24
-432.2,-7.54
-433.48,-7.76
-433.8,-7.81
-436.67,-8.29
-435.82,-8.15
-434.29,-7.90
-430.87,-7.34
-436.15,-8.21
-439,-8.68
-439.6,-8.77
-440.5,-8.92
-436.6,-8.28
-437.9,-8.49
-437.7,-8.45
-438.2,-8.54
-438.3,-8.55
-440.3,-8.88
-438.9,-8.65
-440.7,-8.95
-441.8,-9.13
-438.1,-8.51
-442.6,-9.25
-438.3,-8.54
-437.5,-8.41
-441,-8.98
-444.5,-9.55
-442.2,-9.16
-441.8,-9.09
-443.5,-9.36
-443.4,-9.34
-442.8,-9.23
-443.8,-9.38
-441.9,-9.06
-443.5,-9.32
-443.5,-9.31
-441.6,-8.98
-442.8,-9.17
-442.1,-9.05
-442.5,-9.11
-442.2,-9.05
-439.3,-8.56
-441.8,-8.97
-439.5,-8.58
-441.8,-8.95
-442.3,-9.02
-437.9,-8.28
-435.6,-7.89
-437.3,-8.16
-439.9,-8.58
-442.5,-8.99
-438.9,-8.38
-442.4,-8.95
-445.1,-9.38
-438.2,-8.22
-435.5,-7.76
-435.5,-7.75
-438.7,-8.26
-439.7,-8.41
-445.2,-9.30
-436.8,-7.89
-437.9,-8.05
-441.1,-8.57
-438.5,-8.12
-438.1,-8.04
-433.9,-7.33
-430.8,-6.81
-429.2,-6.53
-423.4,-5.57
-429.8,-6.62
-432.9,-7.12
-430.7,-6.75
-433.45,-7.19
-437.3,-7.82
-434.7,-7.38
-431.8,-6.89
-430.9,-6.73
-431,-6.74
-428.9,-6.39
-429.9,-6.55
-427.7,-6.18
-428.5,-6.31
-426.3,-5.95
-426.5,-5.98
-425.7,-5.85
-424.6,-5.67
-427.9,-6.21
-426.4,-5.97
-424.7,-5.69
-424.5,-5.66
-425.5,-5.83
-424.8,-5.71
-424.75,-5.71
-430.2,-6.61
-422.1,-5.28
-423.7,-5.55
-422.5,-5.35
-425,-5.77
-421.3,-5.17
-421.7,-5.24
-420.2,-5.00
-421.8,-5.27
-423.8,-5.61
-419.5,-4.90
-423.4,-5.56
-422.1,-5.35
-419.9,-4.99
-419.3,-4.90
-420,-5.02
-417.2,-4.57
-417.9,-4.69
-419.7,-5.00
-418.4,-4.79
-420.5,-5.15
-418.2,-4.77
-419.9,-5.06
-420.8,-5.21
-419.5,-5.01
-419.2,-4.97
-419.3,-4.99
-415.1,-4.31
-413.6,-4.07
-412.1,-3.83
-412.1,-3.84
-415,-4.33
-416.4,-4.57
-415.3,-4.40
-418.7,-4.97
-419.6,-5.12
-420.7,-5.31
-423.2,-5.73
-427.4,-6.43
-421.2,-5.41
-423.1,-5.72
-425.8,-6.17
-429,-6.70
-426.5,-6.29
-427.25,-6.41
-425.6,-6.14
-430.7,-6.98
-432.4,-7.27
-435.4,-7.76
-434.3,-7.58
-431.7,-7.14
-427.2,-6.40
-434.1,-7.53
-434.7,-7.63
-437.4,-8.07
-434.7,-7.62
-432.3,-7.22
-432.2,-7.20
-429.1,-6.68
-426,-6.17
-418.5,-4.93
-422.9,-5.66
-424.16,-5.87
-427.2,-6.37
-430.78,-6.95
-431.4,-7.05
-433.4,-7.38
-437.4,-8.03
-433.3,-7.35
-436.1,-7.81
-434.9,-7.60
-432.2,-7.15
-432.79,-7.24
-429.4,-6.68
-428.6,-6.54
-427.6,-6.37
-429.2,-6.63
-428.9,-6.57
-425.4,-5.99
-424.7,-5.87
-422.9,-5.57
-418.9,-4.91
-425.1,-5.93
-427.4,-6.31
-429,-6.57
-432.5,-7.14
-435.9,-7.69
-432.1,-7.06
-432.2,-7.07
-431.9,-7.01
-425.5,-5.94
-427.3,-6.23
-428.3,-6.39
-426.7,-6.12
-424.1,-5.68
-421.5,-5.25
-425,-5.82
-418.45,-4.73
-422.7,-5.42
-420.8,-5.10
-422.6,-5.39
-421.5,-5.20
-419.39,-4.85
-422,-5.27
-418.4,-4.67
-414.1,-3.95
-415.9,-4.25
-417.9,-4.57
-423.1,-5.42
-422.3,-5.28
-423.5,-5.47
-421.1,-5.06
-425.65,-5.80
-430.9,-6.66
-436.6,-7.59
-433.1,-6.99
-432,-6.79
-430.7,-6.56
-429.7,-6.38
-427.6,-6.02
-424.7,-5.53
-428.3,-6.12
-426.2,-5.76
-423.7,-5.33
-426,-5.70
-426.9,-5.84
-430.1,-6.36
-424.6,-5.44
-426.7,-5.77
-424.5,-5.40
-428,-5.97
-423.5,-5.21
-423.47,-5.19
-424.88,-5.41
-425.5,-5.51
-424.5,-5.33
-422.11,-4.92
-423.3,-5.11
-419.3,-4.43
-421.3,-4.76
-423.5,-5.11
-417.2,-4.05
-417.1,-4.03
-419.4,-4.40
-413.6,-3.43
-416.5,-3.90
-410.2,-2.85
-416,-3.80
-414,-3.46
-412.6,-3.22
-415.4,-3.67
-412.8,-3.23
-410.5,-2.84
-408.5,-2.50
-415.3,-3.62
-416.7,-3.84
-407.3,-2.28
-409.3,-2.60
-406,-2.05
-403.4,-1.61
-401.4,-1.27
-410,-2.69
-411.9,-2.99
-411.7,-2.95
-412.8,-3.12
-413.4,-3.20
-415.7,-3.57
-415,-3.44
-416.4,-3.65
-414.3,-3.29
-416.3,-3.60
-420.1,-4.22
-421.4,-4.41
-426.9,-5.30
-422.6,-4.57
-421.8,-4.41
-421.7,-4.37
-422.3,-4.45
-422.2,-4.41
-420,-4.03
-418.8,-3.81
-421.5,-4.24
-416.5,-3.39
-415.1,-3.14
-414.2,-2.98
-414.9,-3.08
-409,-2.08
-414,-2.90
-410.9,-2.37
-411.4,-2.44
-410.3,-2.24
-408.5,-1.93
-408.5,-1.92
-405.1,-1.35
-406.2,-1.52
-408.4,-1.88
-404.4,-1.21
-404,-1.13
-402.8,-0.93
-401.8,-0.76
-405.7,-1.40
-399.9,-0.43
-402.4,-0.84
-399.4,-0.34
-396.6,0.13
-396.9,0.08
-398.8,-0.23
-400.8,-0.56
-398.4,-0.16
-398.9,-0.24
-397.9,-0.08
-396.3,0.19
-400.8,-0.55
-394.8,0.44
-392.3,0.85
-393.1,0.72
-389.5,1.31
-394,0.56
-393.9,0.57
-395.5,0.31
-393.9,0.57
-393.6,0.61
-394.7,0.43
-396.3,0.16
-393,0.70
-394.8,0.39
-394.4,0.46
-394.6,0.41
-390.8,1.04
-389.8,1.19
-393.5,0.57
-392.1,0.79
-392.6,0.70
-392,0.80
-392.8,0.66
-388.5,1.36
-388.4,1.36
-389.9,1.11
-390.5,1.00
-394,0.41
-395.2,0.20
-391.6,0.79
-395.7,0.10
-391.5,0.78
-393.2,0.49
-393.2,0.47
-391.3,0.77
-390.3,0.92
-390,0.96
-389.8,0.97
-394.7,0.15
-391.2,0.71
-393.4,0.32
-393.1,0.35
-397.2,-0.34
-395.6,-0.10
-395.6,-0.12
-394.4,0.05
-393,0.26
-388.2,1.03
-388.1,1.02
-388.8,0.88
-383.1,1.79
-382.7,1.83
-381.4,2.01
-379.4,2.32
-376.5,2.77
-373.3,3.27
-377.6,2.53
-377.4,2.54
-373.3,3.19
-373.1,3.19
-371.2,3.48
-369.4,3.75
-371.7,3.34
-372.2,3.23
-371.28,3.35
-373.82,2.90
-372.99,3.01
-368.6,3.70
-368.9,3.62
-373.1,2.90
-371.77,3.09
-374,2.69
-372.77,2.87
-372.97,2.81
-377.43,2.04
-379.94,1.60
-379.71,1.61
-381.1,1.36
-382.2,1.15
-385.8,0.53
-384,0.80
-389.1,-0.07
-392.3,-0.62
-392.4,-0.66
-394,-0.95
-397.1,-1.48
-399.6,-1.92
-400.8,-2.14
-400.8,-2.17
-403.6,-2.65
-405.2,-2.94
-404.1,-2.78
-406.3,-3.17
-406.1,-3.16
-408,-3.50
-410.8,-3.98
-411.5,-4.12
-414.3,-4.60
-417,-5.07
-420.6,-5.68
-419.4,-5.50
-422,-5.95
-423.5,-6.21
-425.5,-6.55
-427.9,-6.96
-428.7,-7.10
-432.4,-7.71
-436.5,-8.39
-441.3,-9.18
-443.6,-9.56
-440.2,-8.99
-441.6,-9.22
-444.3,-9.66
-440.2,-8.98
-441.2,-9.14
-436.3,-8.33
-440.6,-9.03
-438.2,-8.62
-439.62,-8.85
-439.6,-8.84
-437.8,-8.53
-438.8,-8.69
-436.4,-8.29
-437.3,-8.43
-440.1,-8.88
-434.8,-8.01
-437.6,-8.46
-437.8,-8.49
-431.4,-7.44
-435.7,-8.14
-439.4,-8.74
-438.6,-8.61
-434.9,-8.00
-425.9,-6.52
-433.2,-7.73
-430,-7.20
-430.5,-7.28
-431,-7.36
-435.5,-8.10
-432.5,-7.61
-433.9,-7.83
-434.3,-7.89
-434.2,-7.87
-433.3,-7.72
-434.2,-7.86
-434.9,-7.97
-432.8,-7.63
-432.6,-7.59
-431.4,-7.40
-434.7,-7.94
-432.3,-7.55
-436,-8.15
-438.6,-8.58
-439.9,-8.79
-441.2,-9.00
-440.4,-8.87
-440.4,-8.87
-438.3,-8.52
-438.6,-8.57
-439.9,-8.78
-439.5,-8.70
-441,-8.94
-441.3,-8.99
-440.2,-8.80
-437.9,-8.41
-438.6,-8.52
-439.7,-8.70
-434.5,-7.84
-439.2,-8.60
-434.6,-7.84
-440.1,-8.74
-433.8,-7.69
-438.1,-8.39
-435.1,-7.89
-432.1,-7.40
-433.4,-7.61
-437.4,-8.26
-430.2,-7.07
-424.2,-6.07
-430.5,-7.11
-433.2,-7.55
-431.1,-7.20
-432.7,-7.46
-436.94,-8.14
-437.3,-8.19
-432.3,-7.36
-431.55,-7.23
-433.7,-7.58
-433.6,-7.55
-433.1,-7.46
-435.2,-7.80
-433.4,-7.50
-431.5,-7.18
-428.8,-6.73
-432.8,-7.38
-434.4,-7.64
-438.4,-8.29
-435.6,-7.82
-433.1,-7.40
-432.9,-7.36
-429.3,-6.77
-431,-7.04
-431.1,-7.06
-425.7,-6.17
-427.7,-6.49
-427.5,-6.46
-427.1,-6.39
-427.4,-6.44
-425.4,-6.11
-422.9,-5.70
-418.4,-4.96
-421.2,-5.42
-424.1,-5.90
-425.7,-6.16
-427.7,-6.49
-430,-6.86
-436.6,-7.94
-435.7,-7.78
-435,-7.66
-433.8,-7.45
-432.7,-7.26
-432.5,-7.22
-431.3,-7.01
-428,-6.46
-429.3,-6.67
-428.1,-6.46
-428.4,-6.50
-426.6,-6.20
-430.6,-6.85
-427.6,-6.35
-425.1,-5.93
-424.4,-5.81
-424.1,-5.76
-422.2,-5.44
-419,-4.91
-419.4,-4.97
-421.3,-5.28
-419.7,-5.02
-419.1,-4.92
-416.1,-4.42
-417.2,-4.60
-412.1,-3.76
-416.7,-4.52
-420.6,-5.15
-421.2,-5.24
-420.3,-5.09
-425.7,-5.97
-425.2,-5.87
-426.4,-6.06
-423.9,-5.63
-422.4,-5.37
-421.3,-5.18
-416.4,-4.36
-419.6,-4.88
-420,-4.93
-416.3,-4.31
-416.4,-4.32
-410.2,-3.29
-406.5,-2.67
-413.9,-3.88
-418.09,-4.56
-419.3,-4.74
-423.1,-5.35
-423.4,-5.37
-427.3,-5.99
-426.7,-5.86
-432,-6.70
-430.9,-6.48
-427,-5.80
-428.3,-5.98
-424.7,-5.35
-420.8,-4.68
-421.3,-4.73
-422.9,-4.96
-421.5,-4.70
-421.4,-4.65
-419.3,-4.26
-418.1,-4.03
-416.1,-3.67
-414.2,-3.33
-414.3,-3.32
-411.2,-2.78
-410.3,-2.61
-409,-2.37
-409.5,-2.43
-407,-2.00
-409,-2.30
-407.9,-2.10
-402.1,-1.12
-401.3,-0.98
-405.9,-1.71
-403.6,-1.31
-403.2,-1.23
-401.6,-0.95
-401.6,-0.93
-398.5,-0.40
-398.9,-0.45
-397.8,-0.25
-398.1,-0.28
-394.7,0.29
-397.8,-0.20
-398,-0.22
-402.5,-0.94
-400.4,-0.57
-394.2,0.47
-395,0.36
-393.4,0.64
-397.8,-0.07
-395.6,0.31
-395.2,0.39
-394.6,0.51
-393.5,0.70
-390.8,1.16
-388.2,1.60
-391,1.15
-393,0.83
-392.2,0.98
-387.4,1.78
-388.4,1.62
-388.4,1.63
-388.8,1.57
-388.8,1.58
-385.2,2.18
-389.4,1.49
-387.6,1.79
-385.5,2.14
-385.1,2.20
-382.6,2.62
-385.6,2.12
-384.7,2.27
-386.3,2.01
-385.1,2.20
-386.9,1.90
-388.5,1.64
-383.8,2.41
-385.7,2.10
-387,1.88
-387.6,1.78
-384.9,2.22
-388.9,1.56
-383.7,2.41
-383.2,2.49
-382.2,2.65
-381.8,2.71
-384.7,2.22
-387.3,1.79
-383.3,2.44
-384.3,2.27
-378.9,3.15
-380.4,2.90
-384.6,2.19
-380.3,2.90
-385.3,2.06
-382.9,2.45
-381.5,2.67
-384.5,2.17
-385.5,1.99
-386.81,1.77
-386.37,1.83
-384.72,2.09
-383.94,2.21
-386.79,1.73
-384.3,2.13
-386.22,1.80
-386.62,1.73
-387.52,1.57
-387.36,1.58
-386.48,1.72
-387.93,1.47
-386.35,1.72
-387.8,1.47
-388.4,1.37
-386.7,1.64
-390.8,0.95
-392.11,0.72
-393.78,0.44
-393.39,0.49
-393.72,0.43
-395.76,0.08
-392.22,0.66
-393.26,0.48
-394.69,0.23
-391.94,0.68
-392.5,0.57
-396.4,-0.08
-394.3,0.26
-393.2,0.43
-394.7,0.17
-394.9,0.12
-391.9,0.61
-393.6,0.31
-393.5,0.31
-394.7,0.10
-391.4,0.63
-393.1,0.33
-390.9,0.67
-389.8,0.83
-392.4,0.38
-392.6,0.32
-390.7,0.61
-393.8,0.08
-394.1,0.01
-395.7,-0.28
-395.8,-0.32
-395.2,-0.24
-395.7,-0.35
-394,-0.09
-397.1,-0.62
-396.1,-0.48
-394.8,-0.29
-396.5,-0.59
-397.3,-0.75
-400.9,-1.37
-401.1,-1.43
-402.7,-1.72
-403.4,-1.87
-401.3,-1.55
-400.9,-1.51
-405,-2.21
-407.1,-2.59
-404,-2.10
-405.3,-2.34
-398.8,-1.29
-392.3,-0.24
-390.1,0.09
-392.2,-0.29
-396.2,-0.99
-401.5,-1.90
-401,-1.85
-402.5,-2.13
-405.6,-2.67
-403.1,-2.29
-406.8,-2.93
-412.8,-3.95
-417.2,-4.70
-416.6,-4.63
-423.7,-5.83
-424.9,-6.05
-428.1,-6.61
-429,-6.79
-433.6,-7.58
-436.6,-8.10
-437,-8.19
-436.9,-8.19
-436.8,-8.19
-437.8,-8.39
-436,-8.12
-438.56,-8.58
-435.9,-8.17
-437.7,-8.49
-434.8,-8.03
-440,-8.91
-444.32,-9.63
-441.88,-9.25
-443.84,-9.60
-438.86,-8.80
-441.19,-9.19
-440.92,-9.15
-440.18,-9.04
-440.33,-9.07
-438.26,-8.73
-435.82,-8.33
-436.33,-8.42
-433.24,-7.91
-428.61,-7.15
-432.4,-7.77
-430.4,-7.45
-430.4,-7.45
-431.6,-7.65
-430.6,-7.48
-422.5,-6.15
-423.5,-6.32
-424.9,-6.56
-431.1,-7.58
-429.3,-7.28
-429.2,-7.26
-431.6,-7.65
-433.3,-7.92
-425.9,-6.70
-428.2,-7.07
-433.2,-7.89
-429.3,-7.24
-423.9,-6.34
-426.8,-6.81
-428,-7.01
-430.3,-7.39
-435.3,-8.21
-439.7,-8.92
-438.4,-8.70
-439.3,-8.83
-439.2,-8.80
-437.3,-8.47
-436.6,-8.34
-436.1,-8.24
-431.4,-7.45
-429.6,-7.15
-432.6,-7.63
-432.8,-7.65
-435.5,-8.08
-437.8,-8.44
-438.3,-8.50
-436.5,-8.17
-435.8,-8.03
-439.7,-8.64
-433.5,-7.58
-426.9,-6.47
-431.8,-7.26
-426.1,-6.30
-419.4,-5.18
-417.3,-4.83
-412.3,-4.00
-416.1,-4.62
-421.5,-5.50
-425.7,-6.17
-430.9,-7.01
-430.3,-6.89
-423.5,-5.75
-419.6,-5.09
-416.7,-4.61
-414.2,-4.19
-412.8,-3.95
-417,-4.64
-420.4,-5.19
-425.3,-5.98
-423.9,-5.73
-420.5,-5.15
-419.4,-4.95
-418.3,-4.76
-419.5,-4.94
-417.1,-4.53
-416,-4.34
-413.8,-3.97
-415,-4.15
-412.5,-3.74
-412.7,-3.76
-410.3,-3.36
-411.4,-3.54
-410.8,-3.44
-410.5,-3.39
-410.7,-3.42
-409.5,-3.22
-406.7,-2.76
-406.6,-2.75
-405.4,-2.56
-404.4,-2.40
-405.4,-2.57
-398,-1.36
-404.9,-2.51
-404.1,-2.39
-403.2,-2.25
-403.5,-2.31
-404.2,-2.44
-406.4,-2.81
-407.7,-3.03
-409,-3.25
-409,-3.25
-410,-3.42
-410,-3.42
-410.43,-3.50
-408.8,-3.23
-413,-3.93
-411.89,-3.75
-412,-3.78
-412,-3.78
-412,-3.79
-410.7,-3.58
-411.7,-3.74
-411.9,-3.78
-413,-3.97
-411.1,-3.66
-413,-3.97
-412.1,-3.83
-412.7,-3.93
-411.7,-3.77
-411.3,-3.72
-414.8,-4.30
-414.5,-4.25
-414.9,-4.31
-415.5,-4.41
-415.7,-4.45
-417.9,-4.81
-414,-4.16
-415.6,-4.43
-415.7,-4.45
-415.2,-4.37
-414.2,-4.21
-415.7,-4.46
-412.9,-4.00
-415.3,-4.40
-419.2,-5.04
-420.9,-5.32
-420.3,-5.21
-418.5,-4.91
-417.2,-4.70
-416.8,-4.63
-416.1,-4.52
-416.3,-4.55
-418.4,-4.90
-425.1,-6.00
-424.8,-5.94
-423.6,-5.73
-424,-5.78
-422.7,-5.55
-423.5,-5.67
-424.1,-5.76
-424.6,-5.83
-424.9,-5.86
-423.6,-5.63
-423.1,-5.53
-423,-5.49
-423.9,-5.62
-422.6,-5.38
-419,-4.77
-419.6,-4.84
-420.7,-5.00
-420.7,-4.98
-417.7,-4.46
-415.5,-4.08
-415.2,-4.01
-418.1,-4.48
-417.2,-4.31
-417.1,-4.28
-412.5,-3.51
-415.6,-4.01
-412.3,-3.46
-413.1,-3.59
-412.4,-3.47
-412.3,-3.45
-411,-3.23
-412.5,-3.48
-412.1,-3.41
-414.1,-3.75
-412.3,-3.45
-410.3,-3.12
-415.2,-3.94
-411.9,-3.40
-412.3,-3.47
-411.8,-3.40
-412.8,-3.58
-420.4,-4.84
-418.6,-4.55
-418.9,-4.61
-417,-4.30
-418.2,-4.51
-416.8,-4.29
-420.09,-4.84
-417.1,-4.35
-418.73,-4.64
-420.4,-4.93
-419.9,-4.86
-419.6,-4.82
-417.1,-4.42
-419.85,-4.90
-417.8,-4.58
-416,-4.31
-414.8,-4.14
-416.5,-4.44
-416.7,-4.50
-420.7,-5.18
-422.1,-5.43
-425.9,-6.07
-430,-6.75
-433.5,-7.33
-432.2,-7.12
-435.8,-7.71
-434.4,-7.48
-435.8,-7.71
-433,-7.24
-432.7,-7.20
-429.3,-6.64
-431.4,-6.99
-430,-6.76
-430.3,-6.82
-429.9,-6.76
-428.12,-6.47
-434.5,-7.53
-435.9,-7.77
-434.6,-7.56
-434,-7.46
-434.45,-7.55
-433.7,-7.43
-432.7,-7.28
-431.6,-7.10
-432.4,-7.24
-433,-7.35
-434.8,-7.64
-437.8,-8.13
-437.8,-8.12
-438,-8.14
-436.7,-7.91
-432.3,-7.17
-430.3,-6.82
-432.5,-7.17
-432.8,-7.20
-430.5,-6.81
-426.6,-6.14
-421.9,-5.35
-423.4,-5.58
-427.7,-6.28
-429,-6.48
-431.9,-6.94
-428.1,-6.29
-427.8,-6.23
-423,-5.42
-420.9,-5.07
-418.6,-4.68
-417.6,-4.52
-414.7,-4.04
-410.5,-3.35
-408.9,-3.09
-409.8,-3.25
-418.3,-4.67
-415.5,-4.21
-416.7,-4.41
-420.7,-5.07
-420,-4.95
-422.7,-5.38
-423.4,-5.49
-424.5,-5.66
-427.5,-6.15
-431.9,-6.86
-431.5,-6.77
-429.9,-6.48
-425.7,-5.75
-424.2,-5.48
-424,-5.43
-422.8,-5.21
-421.6,-5.00
-419.6,-4.65
-418.8,-4.49
-419.8,-4.64
-416.4,-4.07
-416.1,-4.00
-414.4,-3.70
-414.2,-3.66
-412.7,-3.40
-412.4,-3.33
-410.8,-3.06
-411.8,-3.22
-409.4,-2.81
-409.8,-2.87
-408.1,-2.59
-407.49,-2.49
-405.8,-2.21
-408.05,-2.58
-404.8,-2.05
-404.9,-2.07
-405.7,-2.21
-406,-2.27
-404.8,-2.08
-402,-1.63
-403.1,-1.82
-403.1,-1.84
-403.3,-1.89
-402.7,-1.80
-404,-2.02
-400.4,-1.44
-403,-1.87
-400.2,-1.42
-399,-1.22
-401.7,-1.68
-403.2,-1.93
-400.2,-1.44
-400.8,-1.54
-399.8,-1.38
-401.1,-1.59
-400.6,-1.51
-402.2,-1.77
-400.5,-1.49
-398.1,-1.09
-400.4,-1.47
-400.1,-1.42
-401.4,-1.64
-400.5,-1.48
-400.6,-1.50
-401.3,-1.61
-400.5,-1.48
-400.1,-1.42
-400.5,-1.49
-400.2,-1.45
-399.8,-1.38
-400.2,-1.44
-401.8,-1.69
-400.8,-1.51
-402.6,-1.79
-403.1,-1.86
-400.6,-1.43
-401.3,-1.53
-400.1,-1.32
-405.2,-2.15
-402.1,-1.63
-400.6,-1.35
-400.4,-1.29
-403.4,-1.76
-400.9,-1.31
-401.8,-1.41
-400.9,-1.23
-401.1,-1.22
-402.2,-1.37
-400,-0.99
-400.9,-1.14
-402.4,-1.42
-403.2,-1.62
-403.2,-1.73
-402.4,-1.73
-404.4,-2.11
-403.4,-1.95
-402.8,-1.83
-403,-1.87
-405.4,-2.27
-403.4,-1.95
-402.6,-1.83
-401.8,-1.71
-399.6,-1.36
-396.8,-0.92
-397.7,-1.08
-397.7,-1.10
-397.3,-1.06
-397.8,-1.16
-397.1,-1.07
-399.3,-1.46
-404.3,-2.31
-408.6,-3.04
-407.1,-2.81
-410.9,-3.45
-414.8,-4.10
-415.5,-4.23
-419,-4.81
-424.5,-5.72
-428.1,-6.31
-432.5,-7.03
-431.7,-6.89
-425.8,-5.90
-425,-5.75
-427.2,-6.10
-423.5,-5.49
-429.8,-6.52
-431.1,-6.73
-427.5,-6.11
-422,-5.18
-418.7,-4.62
-415.32,-4.05
-411.9,-3.48
-411.9,-3.47
-421.1,-4.99
-426.7,-5.92
-425.37,-5.68
-423.2,-5.30
-422,-5.09
-419.3,-4.63
-417.5,-4.32
-414.9,-3.89
-418.2,-4.42
-424.4,-5.44
-429.8,-6.31
-432.3,-6.70
-430.8,-6.42
-425.8,-5.54
-424.89,-5.35
-422.9,-4.99
-424.2,-5.18
-418.6,-4.23
-419.3,-4.33
-418.6,-4.19
-418.9,-4.22
-417.2,-3.92
-414.8,-3.51
-414.6,-3.47
-413.1,-3.21
-411.51,-2.94
-407.9,-2.35
-405.8,-2.01
-404.1,-1.74
-401.7,-1.37
-399.9,-1.09
-400.74,-1.26
-401.75,-1.47
-401.29,-1.43
-401.25,-1.46
-398.44,-1.04
-400.05,-1.35
-397.9,-1.04
-399.2,-1.30
-396.9,-0.97
-398.5,-1.28
-399.3,-1.46
-401.9,-1.94
-403.7,-2.28
-400.4,-1.79
-403.14,-2.29
-403.37,-2.38
-400.5,-1.96
-400.1,-1.95
-403.69,-2.59
-402.9,-2.52
-404.5,-2.84
-402.9,-2.63
-402.9,-2.69
-399.6,-2.20
-405.3,-3.19
-412.5,-4.42
-419,-5.54
-428.7,-7.17
-435.8,-8.37
-437.8,-8.72
-438.3,-8.80
-434.9,-8.24
-439,-8.90
-439.2,-8.92
-436.1,-8.39
-438,-8.68
-439.1,-8.84
-439.3,-8.86
-435.5,-8.21
-432.7,-7.73
-432.5,-7.68
-432.7,-7.71
-433.4,-7.82
-431.2,-7.46
-428.9,-7.07
-431.3,-7.47
-430.2,-7.29
-432.9,-7.72
-434.2,-7.92
-432.2,-7.58
-427.9,-6.87
-426.9,-6.71
-430.93,-7.38
-431.7,-7.52
-436.7,-8.36
-434.6,-8.02
-438.4,-8.64
-436.3,-8.30
-434.54,-8.00
-433.5,-7.82
-437.1,-8.42
-440.3,-8.94
-441,-9.05
-441,-9.03
-440.7,-8.95
-440.5,-8.89
-437.1,-8.31
-430.74,-7.24
-430.97,-7.28
-433,-7.62
-436.25,-8.16
-436.81,-8.25
-435.22,-7.99
-433.41,-7.68
-432.45,-7.51
-429.74,-7.05
-426.77,-6.54
-423.21,-5.94
-423.08,-5.89
-428.19,-6.71
-432.11,-7.34
-429.5,-6.90
-422,-5.65
-416.2,-4.67
-419.2,-5.15
-424.1,-5.95
-427.2,-6.46
-430.7,-7.02
-432.7,-7.34
-430.5,-6.95
-425.09,-6.02
-422.6,-5.58
-420.5,-5.20
-421.5,-5.34
-422.3,-5.46
-421,-5.23
-418.7,-4.83
-417.9,-4.68
-417.7,-4.62
-417.76,-4.61
-416.7,-4.41
-414.8,-4.07
-414.3,-3.97
-413.05,-3.73
-411.8,-3.50
-411.6,-3.44
-411.3,-3.36
-412.3,-3.50
-413.7,-3.70
-411.7,-3.35
-410.6,-3.14
-410.2,-3.05
-410.4,-3.05
-407.7,-2.59
-407.4,-2.51
-409,-2.75
-408.8,-2.70
-407.7,-2.50
-407.2,-2.39
-405.2,-2.04
-402.6,-1.60
-402.4,-1.55
-404.4,-1.86
-404.2,-1.82
-405.9,-2.08
-405.5,-2.00
-405.2,-1.94
-404.6,-1.83
-405.2,-1.92
-404.3,-1.77
-404.8,-1.85
-406.1,-2.07
-404.8,-1.86
-403.7,-1.69
-405.2,-1.94
-404.8,-1.88
-404.5,-1.84
-404.9,-1.92
-406.9,-2.26
-408.6,-2.55
-408.2,-2.49
-409.7,-2.75
-407.8,-2.45
-406.9,-2.31
-405.9,-2.16
-403.4,-1.77
-404.8,-2.02
-406.9,-2.40
-407.3,-2.49
-406.3,-2.36
-406.7,-2.45
-408.5,-2.78
-410,-3.05
-410.8,-3.21
-410.7,-3.21
-412.1,-3.46
-413.7,-3.75
-413.3,-3.70
-413,-3.67
-412.2,-3.56
-411.7,-3.50
-414.7,-4.02
-413.7,-3.88
-414.5,-4.06
-413.8,-4.00
-413.8,-4.05
-414.3,-4.19
-414.53,-4.29
-411.9,-3.90
-412.4,-4.02
-413.5,-4.23
-419.2,-5.20
-419.37,-5.26
-421.29,-5.59
-425.12,-6.23
-426.6,-6.47
-429.3,-6.92
-430.7,-7.13
-435.4,-7.90
-440.9,-8.77
-438.4,-8.32
-431.5,-7.14
-423.2,-5.75
-419.9,-5.18
-419.48,-5.07
-425.9,-6.10
-425.2,-5.96
-425.9,-6.05
-424.7,-5.83
-424,-5.69
-421.8,-5.31
-421.4,-5.23
-421.8,-5.28
-419.2,-4.85
-415.31,-4.20
-412.9,-3.79
-413.7,-3.93
-413.7,-3.95
-414.8,-4.15
-413.7,-3.99
-411.9,-3.72
-413.6,-4.03
-416.1,-4.47
-416.2,-4.52
-417.4,-4.76
-420.9,-5.38
-422.2,-5.62
-425.9,-6.27
-431.1,-7.16
-436.5,-8.08
-437.4,-8.24
-437.4,-8.25
-438.7,-8.47
-439.4,-8.60
-441.4,-8.95
-440.5,-8.84
-439.2,-8.67
-437.4,-8.41
-438.3,-8.56
-438.3,-8.56
-438.7,-8.62
-438.78,-8.63
-439.2,-8.69
-438.7,-8.60
-437.8,-8.44
-437.1,-8.32
-438.3,-8.50
-439,-8.58
-439.3,-8.59
-438.5,-8.42
-438.5,-8.37
-438,-8.24
-436.6,-7.97
-435.8,-7.79
-434.5,-7.54
-432.8,-7.22
-427.2,-6.25
-422.9,-5.50
-420.6,-5.09
-422,-5.30
-424.9,-5.77
-426.8,-6.07
-429,-6.43
-433.3,-7.12
-434.3,-7.27
-434.8,-7.33
-431.3,-6.72
-425.8,-5.78
-422.3,-5.16
-419.8,-4.72
-420.1,-4.76
-422.2,-5.10
-425,-5.56
-429,-6.22
-430.1,-6.40
-427.8,-6.00
-423.9,-5.33
-419.2,-4.54
-415,-3.84
-414.6,-3.80
-415.23,-3.93
-417.3,-4.32
-418.2,-4.52
-415.6,-4.13
-413.6,-3.82
-411.4,-3.47
-408.2,-2.96
-406.6,-2.69
-406.7,-2.70
-406.6,-2.67
-404.6,-2.34
-403.6,-2.17
-403.4,-2.13
-403.6,-2.17
-404.8,-2.37
-404.2,-2.28
-401.5,-1.84
-402.7,-2.04
-400.54,-1.70
-400.5,-1.71
-397,-1.15
-396.3,-1.05
-396.1,-1.04
-393.4,-0.63
-392.7,-0.54
-399.8,-1.75
-403.3,-2.37
-404.4,-2.59
-407.2,-3.09
-410.7,-3.70
-414,-4.27
-418.6,-5.05
-421.8,-5.61
-423.5,-5.91
-427.1,-6.51
-432,-7.33
-437.3,-8.23
-439,-8.53
-440.2,-8.73
-439,-8.54
-441.1,-8.88
-441.42,-8.92
-440.9,-8.82
