Year,Anomoly
-50.0,0.91
-43.55977,0.91
-37.44019,0.91
-31.64156,0.91
-24.55278,0.91
-17.78422,0.91
-11.01305,0.91
-3.2703,0.91
5.447842,0.91
13.52999,0.91
22.27284,0.91
30.70987,0.91
38.51757,0.91
47.00211,1.81
55.20552,3.01
64.43646,0.31
73.05573,-0.39
81.72349,0.01
90.43857,0.01
99.70485,-0.49
109.8195,0.81
119.2176,-0.59
129.3916,-1.09
139.9534,0.41
150.1377,-0.39
160.6797,1.01
171.2088,0.31
181.7194,-0.69
191.8325,-1.19
202.293,0.51
212.5394,-2.39
223.471,0.41
233.9967,0.81
244.8395,0.71
255.6953,0.01
266.864,-0.09
277.9812,-1.39
289.4143,-0.29
301.1585,0.21
312.545,-1.19
323.9099,-0.39
335.5896,-0.59
346.8579,0.01
358.6178,-0.69
370.9679,-0.89
382.9111,-1.49
395.2021,-0.49
407.2843,-0.09
418.6733,0.21
430.4257,-1.69
442.5554,0.21
454.3007,0.11
466.2551,-0.59
478.2794,-0.79
490.3924,0.41
503.0865,-2.39
516.0368,-0.89
529.475,-0.39
542.6268,1.31
555.8396,0.71
568.3494,-0.79
580.9313,1.41
593.5725,-0.89
606.2219,-0.79
619.1082,1.51
631.65,1.01
644.5452,0.31
657.9103,-0.99
672.1189,-0.59
686.6481,-0.59
700.6882,-0.49
715.2436,-0.99
729.5808,-1.39
744.6373,-0.89
759.2383,-0.09
772.3893,-0.19
785.8553,0.31
798.9567,0.01
812.1401,0.61
824.3588,0.91
836.5675,1.21
848.7663,1.51
861.5453,-0.99
875.4421,0.61
889.3285,-1.39
903.5693,0.91
917.8998,-0.99
932.2836,-0.69
947.0249,-0.49
960.9822,-0.69
975.4282,0.41
989.8635,-0.39
1004.288,-0.39
1018.508,-0.89
1032.268,0.21
1046.723,1.01
1060.862,0.41
1075.176,-0.69
1089.481,-0.79
1104.135,0.71
1118.228,-0.49
1132.48,1.61
1146.385,-0.89
1160.21,-0.29
1173.811,0.91
1187.738,1.01
1201.327,0.91
1215.092,-0.49
1229.273,0.61
1243.449,0.41
1258.053,0.31
1272.603,-0.09
1287.152,-0.29
1302.045,1.21
1315.817,0.21
1330.151,0.91
1344.162,-0.09
1357.836,1.61
1371.821,0.91
1385.811,-0.09
1399.806,0.01
1415.617,-0.49
1431.53,-0.69
1447.451,-0.39
1462.64,1.11
1478.122,-0.89
1493.617,-0.29
1509.198,-0.49
1524.834,-0.19
1540.486,0.91
1556.402,-0.89
1571.892,0.11
1587.755,0.31
1603.929,-1.09
1620.539,-0.79
1637.175,0.81
1653.893,-1.19
1669.896,0.41
1685.574,0.41
1701.843,-0.79
1719.291,-0.49
1736.397,-0.09
1753.243,0.11
1769.379,0.61
1785.877,-1.39
1802.735,0.31
1820.513,-0.99
1837.917,-0.99
1854.906,0.41
1871.526,-0.99
1888.512,1.81
1905.122,0.01
1921.089,0.01
1936.711,-0.39
1953.737,0.21
1970.831,-0.29
1987.929,-0.69
2005.404,-0.99
2023.194,0.01
2041.366,-0.89
2058.349,1.71
2075.403,-0.69
2092.459,-0.69
2109.946,0.51
2127.17,-0.59
2144.764,-0.29
2162.928,-0.99
2181.506,-0.39
2199.454,-0.39
2216.423,0.21
2233.749,0.91
2250.719,0.31
2268.024,-0.29
2285.687,0.21
2304.155,-1.99
2324.155,-1.39
2344.158,-0.59
2363.171,-0.79
2381.69,-0.89
2400.787,-1.89
2420.419,-0.69
2440.054,0.01
2459.158,-0.59
2477.49,-0.59
2496.178,0.21
2513.759,-0.39
2530.991,1.01
2548.615,-0.09
2566.453,0.61
2584.294,-0.69
2601.936,0.41
2619.218,0.91
2636.503,0.11
2654.309,-0.09
2673.049,-0.49
2691.426,-0.09
2709.281,-0.79
2727.333,1.31
2745.035,1.01
2761.538,0.91
2777.985,1.01
2794.765,0.11
2811.569,1.41
2828.377,1.21
2845.188,1.21
2863.372,0.11
2880.88,-0.59
2898.493,-0.89
2916.62,0.61
2935.475,0.41
2954.216,-0.29
2973.25,-0.79
2992.287,0.11
3010.929,-0.39
3029.481,0.21
3047.953,0.21
3065.873,0.01
3083.797,0.71
3101.805,1.01
3119.333,1.31
3136.864,-1.39
3156.241,-0.79
3177.139,-1.19
3198.229,0.71
3217.67,-0.69
3237.115,-1.69
3257.018,0.51
3276.601,-0.69
3296.536,-0.99
3315.728,0.81
3335.292,-0.59
3355.269,-1.39
3375.293,0.11
3395.691,-0.19
3415.309,-0.39
3434.932,-0.09
3454.226,0.11
3472.768,0.51
3491.67,-0.99
3510.318,1.41
3528.914,0.21
3547.602,-0.19
3566.928,0.21
3586.616,-0.59
3605.297,1.01
3623.431,0.91
3641.569,0.31
3659.503,0.71
3677.719,1.11
3695.606,-0.89
3713.807,1.51
3732.356,1.41
3750.828,-1.49
3770.297,1.21
3789.41,0.21
3808.621,0.41
3828.24,-0.59
3847.506,-0.79
3867.16,0.81
3886.813,0.01
3906.291,-0.39
3926.29,-0.09
3946.279,-0.29
3965.551,0.51
3985.184,-0.49
4004.712,-0.49
4023.769,0.91
4043.189,0.91
4062.473,-0.99
4081.742,1.01
4100.982,0.91
4119.779,-0.49
4138.935,-0.29
4158.16,0.21
4177.41,0.61
4196.69,-1.39
4216.299,0.81
4235.912,1.41
4254.808,-0.09
4273.049,1.51
4291.295,-0.39
4311.389,-0.89
4331.952,0.11
4352.055,0.41
4371.293,0.21
4390.536,-0.19
4410.467,-0.79
4430.602,0.51
4450.283,1.51
4468.793,-0.29
4487.643,0.91
4506.99,-0.59
4526.883,-0.29
4546.795,-0.69
4566.824,0.21
4586.851,0.31
4606.959,0.41
4626.514,-0.39
4646.086,0.11
4665.821,0.01
4685.918,-0.19
4705.503,1.11
4724.971,-0.59
4744.443,-1.09
4765.613,-0.09
4786.405,-0.19
4807.201,-0.99
4828.386,-0.19
4848.799,0.81
4867.695,0.41
4886.938,0.01
4906.053,0.11
4925.329,0.51
4944.966,1.11
4964.337,-0.29
4983.706,-0.49
5003.803,-0.19
5023.971,-0.09
5044.142,0.51
5064.538,-0.79
5084.561,-0.09
5104.659,0.01
5124.103,0.41
5143.911,0.71
5162.511,0.81
5181.065,0.41
5200.425,-0.29
5220.527,0.01
5241.007,-1.19
5261.212,-0.09
5281.809,0.91
5301.296,0.01
5320.341,0.91
5339.041,-0.09
5358.3,0.21
5377.271,0.71
5397.244,-1.89
5419.297,-0.89
5441.759,-1.09
5462.486,0.11
5483.554,-1.09
5505.312,-1.99
5528.154,-0.59
5548.994,0.21
5567.914,1.41
5586.492,-0.09
5606.294,0.31
5625.928,-0.49
5645.956,0.11
5665.678,0.01
5685.76,-0.79
5705.844,0.81
5725.564,-0.59
5745.263,1.61
5764.035,-0.49
5783.149,1.11
5801.663,1.21
5820.458,-0.79
5839.274,0.51
5857.825,0.81
5876.713,0.51
5896.115,-0.29
5916.514,-0.69
5936.72,-0.49
5958.378,-1.29
5980.031,-0.29
5999.476,0.71
6018.945,0.21
6038.733,-0.19
6058.818,-0.59
6079.269,0.31
6098.723,0.71
6118.461,-1.29
6138.343,1.01
6158.061,-0.69
6178.139,-0.29
6198.542,-0.49
6218.59,0.31
6239.261,-0.39
6259.763,-0.99
6280.476,0.51
6300.342,0.01
6319.849,-1.09
6341.096,-1.29
6362.943,-0.09
6384.196,-1.09
6405.572,-0.49
6426.706,-0.19
6445.656,1.01
6464.951,0.11
6485.799,-1.49
6507.348,-1.09
6528.572,1.11
6548.256,-0.19
6567.575,-0.99
6589.1,-0.49
6610.998,-1.99
6632.398,0.01
6654.114,-1.19
6675.613,-1.69
6696.223,0.91
6717.217,0.51
6737.232,0.01
6756.85,-1.19
6777.976,-0.99
6800.074,-0.89
6821.476,-0.79
6842.567,-0.29
6863.65,1.01
6882.303,0.01
6900.514,1.31
6919.705,-0.39
6940.131,-0.49
6960.178,-0.89
6981.003,-0.19
7001.862,0.01
7022.629,-1.09
7043.986,-0.69
7065.288,-0.39
7086.444,-0.79
7107.219,-0.89
7128.452,-0.09
7149.687,-1.59
7172.653,-2.69
7197.088,-0.99
7219.957,-0.59
7241.901,-1.49
7263.706,-1.29
7286.294,-1.09
7308.123,-0.09
7327.17,1.21
7346.564,-0.49
7368.109,-1.79
7390.416,-0.69
7412.495,-1.49
7435.148,-1.39
7457.3,0.11
7478.614,-1.19
7499.581,-1.49
7521.442,-0.59
7543.294,0.31
7563.298,-0.59
7582.571,1.01
7602.029,-0.39
7621.172,1.21
7640.308,-0.79
7661.42,-1.39
7683.428,-0.49
7704.087,-0.09
7723.785,0.81
7743.395,-1.49
7765.226,-0.79
7787.057,1.11
7806.7,0.81
7825.636,-1.69
7846.01,-0.69
7868.053,-1.09
7889.915,-1.09
7910.917,0.01
7931.912,0.61
7951.993,-0.19
7971.929,-0.69
7992.713,-0.89
8014.495,-1.09
8036.476,-0.89
8059.149,-1.79
8081.878,-0.49
8105.279,-2.69
8128.643,-0.79
8149.741,-0.29
8170.839,-0.99
8193.481,-1.69
8216.665,-2.19
8240.224,-1.89
8263.984,-0.89
8286.65,-1.29
8308.546,-0.39
8330.382,-0.99
8352.133,-1.09
8373.885,-0.89
8395.654,-0.89
8417.416,-1.99
8440.775,-1.29
8464.215,-1.49
8486.604,-0.99
8508.848,-0.39
8529.921,-0.29
8550.515,-0.49
8571.916,-2.39
8594.592,-0.29
8616.572,0.81
8636.364,-0.39
8656.156,-1.09
8676.666,0.41
8697.32,-0.79
8718.178,-0.69
8739.234,-0.29
8760.521,-1.19
8782.645,-1.09
8804.723,-0.39
8825.771,-0.89
8846.82,0.01
8868.483,-1.59
8890.352,-1.19
8911.578,-0.49
8932.276,0.21
8952.951,-0.49
8973.557,-0.39
8994.151,-0.39
9014.738,-0.69
9035.325,0.51
9055.576,0.31
9075.583,-1.09
9095.704,-0.19
9116.334,-0.49
9136.964,-0.19
9157.478,-0.69
9177.966,0.01
9198.86,0.01
9220.104,-2.09
9241.38,-1.49
9262.73,0.41
9283.995,-0.99
9303.779,0.61
9323.562,1.01
9343.245,-0.09
9362.87,-0.49
9382.67,-1.09
9403.109,0.41
9423.548,0.21
9443.281,0.01
9462.91,-0.09
9482.432,0.31
9501.828,0.11
9521.216,0.71
9539.378,0.81
9557.529,1.01
9576.697,0.01
9597.31,-1.49
9617.873,0.21
9638.001,-0.59
9658.117,0.51
9677.29,-0.29
9696.102,1.31
9715.084,0.41
9734.715,-0.69
9754.333,0.41
9772.984,0.11
9791.381,1.61
9809.781,0.51
9828.199,0.51
9846.604,1.01
9864.468,0.41
9882.042,1.91
9899.614,1.11
9919.782,-1.89
9939.991,0.41
9959.943,0.31
9979.749,-0.99
9999.3,1.21
10018.16,-0.09
10037.01,0.71
10056.38,-0.09
10075.91,-0.39
10095.23,0.91
10114.15,0.21
10133.06,-0.19
10151.77,0.81
10170.45,0.91
10189.08,0.41
10207.63,0.91
10226.17,-0.59
10244.61,0.61
10263.03,2.01
10281.36,1.01
10299.41,0.51
10317.44,0.11
10335.81,1.01
10354.35,0.41
10373.17,-0.49
10393.66,-0.79
10414.13,1.21
10432.72,0.51
10450.89,0.41
10469.49,0.71
10489.25,-1.19
10508.99,0.91
10528.44,-0.69
10547.85,0.11
10567.66,-0.09
10587.91,-0.89
10607.69,0.91
10625.24,1.11
10642.79,1.81
10660.25,1.01
10677.63,0.61
10695.0,2.71
10712.87,-0.59
10730.86,0.51
10749.26,0.11
10768.78,-0.29
10788.29,0.01
10807.53,0.11
10826.74,0.41
10845.53,1.51
10863.82,-0.09
10882.1,-0.19
10902.03,-0.39
10922.1,-0.39
10941.96,-0.29
10961.68,0.31
10981.06,0.41
10999.35,0.91
11017.64,0.11
11037.14,-0.69
11057.12,-0.09
11076.54,0.31
11094.99,1.01
11113.43,-0.29
11133.8,-1.09
11154.43,0.01
11173.84,0.61
11192.46,0.41
11211.04,1.01
11229.33,0.61
11247.62,-0.79
11266.98,-0.39
11286.99,0.21
11307.21,-0.69
11327.94,-0.89
11348.46,-0.19
11366.75,1.11
11385.03,1.21
11403.05,0.91
11420.86,0.41
11438.66,-1.39
11458.97,0.11
11479.32,0.41
11497.97,-0.19
11515.88,2.01
11533.87,1.81
11552.26,-0.99
11570.64,0.01
11590.17,-0.89
11610.21,0.01
11629.47,0.41
11647.41,1.21
11665.35,0.91
11682.49,1.51
11699.46,1.01
11716.89,0.01
11736.43,-0.59
11755.96,-0.19
11775.73,-0.39
11795.52,-0.39
11814.94,0.61
11834.0,-0.29
11853.0,0.81
11871.56,-0.29
11890.1,0.81
11908.9,-0.49
11927.82,0.31
11946.65,-0.09
11965.2,0.91
11983.74,-0.49
12004.76,-1.69
12026.32,-1.09
12047.92,-1.29
12069.53,-1.09
12091.15,-1.29
12112.76,-0.99
12134.95,-1.99
12157.84,-1.79
12180.18,-0.89
12201.78,-1.19
12223.64,-1.09
12246.06,-2.19
12268.74,-1.79
12292.12,-2.09
12316.33,-3.59
12342.4,-2.19
12367.59,-2.09
12391.95,-2.99
12415.97,-1.79
12439.79,-1.29
12463.55,-2.79
12487.29,-1.39
12511.99,-3.39
12536.99,-3.59
12563.36,-2.59
12589.96,-4.09
12617.15,-2.29
12643.06,-1.89
12667.44,-3.19
12693.26,-3.29
12720.11,-2.99
12748.27,-4.59
12776.93,-3.99
12806.51,-4.29
12835.74,-3.79
12864.74,-4.29
12893.23,-2.99
12921.18,-3.49
12948.35,-3.29
12976.72,-4.39
13005.67,-4.69
13035.36,-3.19
13064.09,-3.89
13091.92,-2.69
13118.71,-3.49
13145.6,-3.89
13174.67,-4.19
13203.45,-3.69
13231.96,-2.99
13258.74,-3.19
13285.52,-3.69
13314.27,-4.29
13343.15,-3.79
13372.14,-3.39
13398.8,-2.59
13425.26,-2.99
13452.33,-3.69
13479.07,-2.69
13505.31,-2.69
13531.74,-3.19
13558.31,-3.39
13586.92,-4.39
13615.99,-4.19
13645.57,-3.59
13674.7,-3.99
13703.44,-3.09
13728.88,-1.79
13754.68,-3.49
13781.72,-2.99
13809.46,-3.89
13837.9,-4.09
13867.48,-4.09
13897.16,-4.09
13926.49,-3.29
13955.25,-3.79
13983.71,-3.49
14010.23,-2.09
14037.02,-4.09
14064.75,-2.19
14092.36,-3.69
14119.86,-3.69
14148.01,-3.29
14175.93,-2.49
14201.13,-1.89
14226.09,-1.69
14250.33,-2.29
14275.41,-2.99
14302.23,-3.09
14329.59,-3.49
14357.42,-2.29
14382.58,-1.79
14407.18,-1.99
14432.36,-2.49
14457.61,-3.19
14481.38,0.01
14505.15,-0.99
14527.75,-1.19
14550.38,-1.69
14574.16,-1.49
14598.07,-1.99
14622.47,-1.49
14646.96,-4.29
14676.0,-2.79
14704.38,-1.69
14730.19,-3.19
14756.86,-3.19
14784.63,-2.49
14812.63,-3.59
14840.77,-3.19
14870.37,-4.39
14900.26,-3.89
14930.62,-3.19
14960.48,-3.99
14990.06,-3.39
15018.36,-2.59
15046.54,-2.99
15074.44,-3.29
15102.19,-2.59
15129.83,-2.99
15158.07,-3.19
15186.5,-4.49
15215.44,-1.29
15244.15,-3.49
15272.49,-4.09
15302.84,-4.09
15333.82,-2.99
15362.43,-3.09
15391.33,-3.49
15420.67,-3.29
15450.4,-3.69
15480.43,-4.09
15512.55,-4.69
15545.07,-4.39
15577.98,-4.59
15611.07,-4.49
15644.29,-4.69
15677.61,-4.59
15710.08,-3.69
15742.04,-4.09
15773.44,-4.29
15806.53,-4.89
15839.68,-4.09
15872.64,-5.29
15906.34,-3.69
15939.49,-4.29
15971.69,-4.19
16004.4,-4.49
16037.26,-4.19
16070.16,-4.49
16103.8,-4.69
16138.01,-5.09
16172.96,-4.29
16207.54,-5.59
16242.43,-4.79
16277.79,-4.89
16313.09,-5.39
16349.64,-5.79
16387.08,-5.69
16424.58,-4.79
16459.91,-4.99
16495.13,-4.99
16530.58,-5.09
16567.49,-6.29
16605.38,-5.29
16642.97,-4.99
16678.96,-5.69
16716.73,-5.69
16754.66,-5.59
16792.74,-5.79
16831.21,-6.99
16873.32,-5.89
16913.68,-6.29
16953.46,-5.99
16993.2,-5.69
17032.33,-7.69
17076.79,-6.29
17119.2,-7.09
17161.89,-6.99
17205.5,-7.09
17249.87,-7.89
17295.87,-6.59
17338.46,-6.69
17381.22,-7.29
17424.3,-6.29
17467.55,-7.49
17510.53,-6.29
17554.0,-8.29
17601.29,-7.39
17647.04,-7.29
17692.32,-7.99
17739.56,-7.29
17785.68,-7.99
17833.5,-8.39
17883.11,-8.39
17933.08,-8.39
17983.29,-8.59
18032.2,-6.99
18079.06,-7.79
18126.67,-8.59
18176.12,-7.79
18224.53,-7.69
18272.6,-8.39
18322.73,-8.69
18374.23,-8.49
18425.09,-8.09
18474.59,-8.09
18523.66,-7.79
18571.87,-8.09
18620.91,-8.29
18671.15,-8.29
18721.36,-8.19
18771.38,-8.39
18822.08,-8.29
18872.55,-9.19
18927.18,-7.59
18974.5,-8.09
19023.72,-7.39
19071.69,-8.79
19123.08,-8.09
19173.54,-8.49
19224.53,-8.19
19274.81,-7.89
19324.6,-8.59
19375.06,-7.69
19425.37,-8.99
19477.28,-8.19
19527.59,-7.29
19577.27,-9.29
19630.14,-8.79
19682.4,-7.39
19731.97,-8.39
19782.12,-8.19
19831.18,-6.69
19878.93,-8.39
19927.88,-7.79
19978.42,-8.79
20030.29,-7.99
20081.68,-8.59
20133.78,-8.49
20186.7,-9.09
20240.29,-8.29
20293.16,-9.09
20347.11,-8.79
20400.13,-7.79
20450.41,-7.69
20499.04,-7.39
20547.7,-8.39
20599.62,-9.29
20654.81,-8.69
20708.48,-8.29
20760.07,-7.89
20810.76,-8.29
20861.58,-7.59
20911.56,-8.69
20963.82,-8.09
21015.33,-8.39
21067.57,-8.59
21120.63,-8.59
21174.34,-9.09
21228.45,-7.79
21279.14,-7.69
21328.79,-8.19
21380.06,-8.39
21432.43,-8.49
21485.53,-8.49
21538.3,-7.89
21589.17,-8.19
21640.87,-8.29
21692.99,-8.39
21745.4,-8.29
21797.84,-8.99
21852.85,-8.09
21905.04,-8.39
21957.29,-7.59
22007.0,-7.89
22057.73,-8.89
22112.96,-8.89
22168.0,-8.09
22219.58,-7.49
22268.46,-6.79
22315.23,-8.99
22370.11,-8.59
22424.06,-7.79
22474.54,-8.49
22528.09,-8.99
22584.03,-8.49
22637.38,-7.89
22687.95,-7.59
22737.29,-7.39
22786.38,-8.29
22838.3,-7.99
22890.31,-8.49
22943.51,-8.29
22996.85,-8.69
23051.48,-8.89
23106.9,-8.59
23160.82,-7.69
23211.74,-8.89
23267.09,-8.79
23322.37,-7.29
23370.9,-7.99
23422.32,-8.29
23474.73,-7.59
23525.28,-8.09
23577.54,-8.79
23631.87,-7.89
23684.28,-8.89
23739.11,-8.29
23792.44,-8.49
23846.27,-8.29
23899.51,-8.59
23953.99,-8.39
24007.74,-7.99
24059.27,-7.29
24108.39,-7.69
24158.06,-7.09
24207.11,-7.89
24257.7,-8.09
24309.14,-7.69
24361.53,-9.19
24416.28,-8.29
24469.82,-7.89
24521.67,-8.19
24573.24,-7.59
24624.01,-7.79
24674.71,-7.89
24725.54,-7.49
24776.05,-7.79
24827.18,-8.19
24879.57,-8.29
24933.76,-9.29
24990.36,-8.79
25046.53,-8.49
25101.2,-8.39
25156.38,-9.49
25213.75,-8.59
25269.07,-8.29
25322.35,-7.99
25374.23,-7.89
25426.39,-8.69
25480.47,-8.19
25534.4,-8.99
25590.59,-8.99
25647.04,-6.89
25694.95,-7.89
25746.37,-8.79
25801.77,-9.09
25859.16,-8.99
25915.9,-8.89
25972.1,-8.79
26027.78,-8.49
26082.39,-8.79
26137.34,-8.29
26191.61,-8.79
26246.9,-8.89
26302.84,-8.69
26357.99,-8.29
26411.77,-8.29
26465.99,-9.09
26522.86,-9.39
26581.49,-9.19
26639.38,-8.49
26694.14,-8.79
26749.79,-8.79
26805.4,-8.59
26860.13,-8.49
26914.15,-8.19
26967.71,-9.09
27024.55,-8.99
27080.78,-8.49
27136.39,-9.39
27192.38,-7.89
27246.1,-8.49
27300.43,-9.09
27355.73,-7.89
27409.45,-8.79
27464.21,-8.89
27519.57,-8.09
27573.59,-9.29
27630.88,-8.89
27687.13,-7.99
27738.95,-8.89
27794.73,-8.29
27847.86,-8.49
27902.21,-8.89
27958.39,-9.09
28015.52,-9.09
28071.32,-7.99
28124.51,-8.39
28177.9,-8.69
28232.96,-9.09
28288.81,-8.49
28343.76,-8.69
28398.46,-8.59
28453.35,-8.89
28508.58,-8.19
28560.96,-7.69
28610.96,-7.19
28659.43,-7.79
28707.29,-5.89
28753.49,-8.19
28802.66,-7.99
28853.61,-7.59
28905.52,-9.49
28960.6,-8.09
29012.3,-6.79
29059.07,-6.69
29105.24,-7.59
29153.47,-7.89
29204.08,-8.39
29254.96,-7.29
29304.43,-7.79
29354.92,-8.79
29409.14,-9.19
29464.33,-8.09
29517.21,-8.39
29570.09,-8.89
29624.32,-8.39
29676.76,-7.69
29726.57,-7.89
29775.6,-7.19
29822.45,-6.79
29868.77,-7.69
29916.42,-7.59
29964.86,-7.59
30013.43,-7.79
30063.33,-8.39
30114.65,-8.09
30165.61,-7.89
30216.07,-8.19
30266.02,-7.29
30314.85,-7.79
30363.06,-7.29
30411.11,-7.69
30458.95,-7.19
30506.05,-7.09
30552.36,-7.19
30598.31,-6.39
30642.05,-7.59
30690.21,-6.49
30734.07,-6.89
30780.35,-8.39
30831.27,-7.89
30881.12,-7.39
30928.98,-7.29
30976.38,-7.39
31023.83,-7.29
31070.55,-6.79
31116.73,-7.29
31164.15,-7.89
31214.63,-8.79
31267.78,-8.39
31320.94,-8.39
31373.95,-8.79
31427.01,-7.39
31477.49,-8.99
31531.41,-8.19
31583.81,-8.19
31635.04,-7.29
31683.65,-8.89
31738.08,-7.59
31787.19,-7.99
31838.14,-8.19
31889.8,-8.19
31941.53,-8.29
31993.59,-7.89
32043.89,-7.89
32094.1,-7.89
32144.31,-7.89
32194.54,-7.89
32244.26,-6.59
32289.05,-7.69
32338.36,-7.79
32388.08,-7.49
32437.02,-8.49
32490.28,-8.89
32545.79,-8.29
32598.71,-8.49
32652.54,-8.99
32707.82,-8.39
32761.08,-7.89
32812.5,-8.09
32863.55,-7.89
32915.58,-8.89
32968.91,-7.89
33022.34,-9.39
33078.15,-8.19
33130.07,-6.49
33176.31,-7.29
33223.99,-7.89
33273.59,-7.49
33321.15,-6.09
33366.41,-7.09
33410.66,-5.89
33455.36,-7.39
33502.38,-7.69
33551.44,-7.29
33600.17,-7.79
33649.7,-7.19
33697.78,-7.39
33745.71,-6.79
33791.95,-7.99
33842.91,-6.99
33889.63,-7.09
33937.04,-8.19
33989.1,-8.79
34044.5,-8.49
34098.4,-8.29
34152.14,-8.89
34207.13,-8.29
34259.89,-7.59
34311.02,-8.29
34362.51,-7.79
34412.82,-7.19
34461.01,-7.09
34508.07,-6.99
34554.36,-6.59
34599.98,-7.09
34646.59,-6.79
34692.54,-6.49
34737.43,-7.29
34785.54,-7.09
34833.13,-7.49
34881.87,-7.19
34929.71,-7.09
34976.94,-6.79
35024.68,-8.29
35075.31,-7.09
35124.73,-7.79
35175.57,-8.59
35229.53,-8.59
35284.29,-8.59
35339.03,-8.59
35393.79,-8.59
35448.29,-8.19
35500.9,-7.59
35551.7,-8.19
35603.74,-7.99
35656.56,-8.59
35710.49,-8.09
35762.61,-7.19
35811.72,-7.09
35860.0,-7.59
35907.99,-6.39
35954.86,-7.39
36002.27,-6.79
36049.01,-6.69
36095.44,-7.49
36144.25,-6.39
36189.26,-6.39
36234.43,-7.39
36283.04,-7.09
36330.64,-6.69
36376.37,-6.09
36420.93,-6.69
36467.18,-7.49
36514.93,-6.79
36561.3,-6.09
36606.04,-6.59
36651.59,-7.19
36699.5,-7.29
36748.11,-7.09
36795.52,-5.89
36838.64,-7.59
36888.76,-7.69
36939.64,-6.89
36986.41,-6.69
37032.57,-6.89
37080.23,-7.69
37130.3,-7.19
37180.07,-8.29
37232.45,-6.99
37280.87,-7.09
37328.79,-7.09
37376.93,-7.09
37426.02,-8.09
37477.84,-7.69
37529.24,-7.59
37579.68,-7.39
37628.89,-6.89
37676.48,-6.89
37723.95,-7.09
37772.2,-7.29
37820.84,-7.09
37868.92,-6.79
37917.01,-7.49
37965.91,-7.09
38014.64,-6.99
38063.5,-7.69
38114.12,-7.89
38165.76,-7.59
38216.42,-7.19
38264.41,-6.09
38309.07,-5.69
38352.83,-6.99
38399.3,-6.89
38446.93,-6.99
38494.13,-5.69
38537.04,-6.89
38583.58,-5.89
38628.04,-6.99
38673.77,-5.89
38719.43,-7.19
38765.19,-5.89
38810.27,-6.19
38853.3,-5.09
38894.37,-5.19
38934.78,-5.29
38974.4,-4.19
39013.54,-5.49
39052.15,-4.29
39090.09,-3.69
39126.34,-5.19
39166.6,-6.19
39210.05,-6.29
39255.55,-6.89
39300.89,-4.99
39342.2,-4.59
39381.23,-6.19
39424.8,-6.29
39470.16,-6.69
39514.19,-4.89
39557.07,-6.29
39599.72,-5.39
39641.65,-5.59
39683.96,-6.09
39727.55,-5.69
39770.06,-5.49
39811.84,-5.49
39853.3,-5.39
39894.93,-5.89
39937.98,-6.19
39983.01,-6.59
40028.13,-5.19
40070.61,-5.89
40113.0,-5.59
40155.59,-5.49
40198.59,-6.79
40244.67,-5.89
40288.73,-4.99
40330.07,-7.09
40377.23,-6.79
40425.42,-7.29
40474.54,-7.09
40523.64,-6.99
40572.62,-7.29
40621.89,-6.99
40670.9,-7.09
40720.94,-8.09
40774.01,-8.29
40828.71,-8.19
40882.8,-7.19
40933.57,-8.29
40988.28,-6.89
41036.64,-7.59
41087.78,-6.79
41135.74,-7.19
41184.94,-6.29
41231.25,-7.29
41280.5,-6.79
41328.59,-6.69
41376.79,-7.69
41428.01,-7.59
41479.73,-7.49
41530.12,-6.29
41576.72,-6.59
41623.11,-6.29
41670.59,-7.59
41721.42,-7.99
41774.57,-7.79
41827.58,-7.79
41880.45,-7.89
41933.61,-7.49
41985.08,-7.19
42035.56,-8.49
42091.43,-7.19
42141.84,-7.09
42191.3,-6.89
42239.66,-6.69
42287.24,-7.69
42339.34,-6.39
42385.37,-5.49
42429.02,-6.59
42475.59,-6.69
42523.38,-6.89
42572.65,-7.69
42622.15,-5.79
42669.92,-7.89
42719.98,-6.89
42770.77,-7.79
42822.2,-6.99
42872.74,-7.29
42923.95,-8.09
42977.34,-7.49
43029.64,-7.89
43083.15,-7.79
43136.67,-7.89
43190.34,-8.19
43245.52,-8.09
43300.0,-7.29
43352.32,-7.99
43404.54,-6.59
43454.32,-7.29
43504.62,-7.49
43555.25,-6.59
43603.91,-6.69
43651.94,-6.89
43701.25,-7.59
43751.54,-6.19
43799.93,-7.59
43850.46,-6.69
43899.79,-7.09
43948.86,-6.49
43996.14,-5.89
44041.03,-6.19
44086.7,-6.09
44132.33,-6.29
44178.16,-5.69
44222.64,-5.89
44267.99,-6.59
44314.2,-5.89
44361.22,-7.19
44410.03,-7.09
44458.32,-5.59
44503.77,-5.99
44548.91,-6.49
44596.15,-6.99
44645.71,-7.19
44695.8,-6.49
44743.7,-6.69
44791.96,-6.89
44841.17,-6.29
44888.11,-7.49
44940.68,-7.79
44994.0,-6.79
45043.59,-6.79
45093.04,-7.69
45146.11,-7.69
45199.3,-7.29
45251.59,-7.89
45305.54,-7.89
45359.75,-7.59
45412.66,-7.29
45463.13,-6.29
45511.6,-6.89
45561.16,-7.59
45613.02,-7.29
45665.17,-7.49
45716.84,-6.99
45767.05,-6.69
45816.45,-7.09
45866.26,-6.89
45916.2,-6.89
45965.71,-6.69
46014.79,-6.79
46063.94,-6.89
46112.75,-6.29
46160.34,-6.29
46206.55,-5.79
46252.01,-6.19
46297.94,-6.09
46344.09,-6.09
46389.91,-5.69
46434.43,-5.89
46479.5,-5.69
46524.23,-6.09
46569.89,-5.99
46613.79,-4.39
46656.7,-6.19
46700.24,-5.29
46744.11,-5.79
46788.58,-4.59
46828.84,-5.19
46869.79,-4.49
46911.05,-5.39
46951.0,-3.39
46988.48,-4.29
47027.68,-5.19
47070.07,-5.99
47113.54,-4.89
47155.44,-4.39
47195.91,-5.49
47238.7,-5.19
47281.06,-5.19
47323.66,-5.29
47365.88,-4.79
47407.35,-4.89
47447.57,-3.99
47485.86,-3.69
47521.96,-3.19
47559.11,-4.79
47597.68,-4.59
47637.94,-4.19
47677.05,-4.79
47716.95,-4.39
47758.17,-5.69
47801.11,-5.59
47845.71,-5.99
47890.99,-4.99
47933.21,-5.59
47977.11,-5.59
48020.9,-5.29
48064.81,-5.89
48109.62,-5.89
48154.61,-5.39
48198.68,-5.59
48242.04,-4.09
48281.58,-5.79
48325.98,-5.79
48371.57,-6.29
48417.71,-5.69
48463.63,-6.09
48509.43,-5.89
48555.52,-6.09
48602.12,-6.29
48648.72,-5.39
48692.99,-5.39
48736.57,-6.19
48784.05,-6.79
48833.5,-5.79
48879.44,-6.39
48928.23,-8.09
48983.3,-6.99
49034.93,-7.09
49086.73,-7.69
49141.03,-7.09
49192.35,-6.39
49241.26,-7.09
49292.14,-5.89
49338.72,-5.99
49384.91,-5.89
49431.25,-6.39
49479.24,-6.09
49527.56,-7.59
49580.36,-6.69
49630.21,-6.09
49678.29,-7.39
49730.77,-7.29
49783.26,-6.19
49831.09,-6.09
49877.94,-5.69
49924.27,-6.69
49973.27,-6.79
50023.48,-6.69
50074.08,-7.29
50125.65,-6.39
50175.56,-7.19
50226.88,-6.79
50278.03,-7.49
50331.06,-6.49
50380.86,-7.09
50432.12,-6.29
50480.3,-5.89
50527.29,-6.69
50576.48,-6.59
50624.79,-5.19
50671.0,-6.79
50719.98,-6.79
50769.23,-5.59
50816.88,-6.79
50865.82,-6.59
50916.6,-7.29
50967.67,-6.19
51016.18,-5.79
51062.89,-6.09
51109.22,-5.59
51155.59,-6.19
51203.16,-6.69
51252.64,-6.59
51302.14,-6.19
51350.39,-6.19
51397.06,-4.79
51440.27,-6.29
51488.23,-6.59
51537.92,-7.19
51590.29,-5.39
51635.27,-6.19
51683.07,-6.59
51732.49,-5.69
51779.23,-6.59
51828.61,-6.49
51877.62,-5.79
51924.43,-5.79
51971.93,-6.99
52022.1,-6.49
52072.11,-6.49
52121.51,-6.29
52170.18,-6.09
52218.11,-6.19
52265.6,-5.89
52313.16,-6.29
52360.7,-5.69
52407.25,-5.59
52452.21,-5.09
52497.07,-6.49
52545.18,-5.69
52592.01,-6.49
52640.77,-5.19
52685.17,-5.79
52730.7,-4.59
52773.84,-5.89
52818.95,-5.39
52863.8,-5.09
52905.91,-3.69
52946.67,-5.49
52990.07,-4.39
53031.2,-5.39
53076.11,-6.39
53123.55,-5.39
53169.91,-5.99
53215.98,-5.39
53262.03,-5.89
53307.54,-5.19
53351.77,-4.79
53395.21,-6.19
53442.02,-5.09
53486.0,-5.49
53530.49,-4.39
53573.07,-5.79
53617.65,-5.19
53660.58,-3.69
53701.86,-5.19
53744.43,-5.29
53788.87,-5.69
53835.17,-5.89
53882.2,-5.39
53925.64,-3.39
53965.82,-4.89
54007.11,-5.29
54049.97,-4.19
54091.02,-4.49
54131.98,-4.09
54172.01,-4.29
54211.9,-4.09
54251.58,-3.99
54290.97,-4.09
54330.65,-4.39
54372.14,-5.29
54415.83,-5.39
54460.41,-5.19
54506.0,-6.29
54553.46,-5.99
54601.23,-5.79
54647.19,-4.59
54690.15,-5.29
54734.64,-4.59
54777.31,-5.59
54822.36,-5.29
54867.96,-5.79
54914.01,-5.59
54960.78,-6.09
55006.8,-4.79
55051.02,-4.99
55094.29,-4.89
55137.46,-4.49
55179.79,-6.09
55227.31,-5.99
55275.27,-5.89
55323.52,-6.49
55373.32,-6.49
55423.07,-5.89
55471.91,-6.69
55522.79,-6.99
55574.93,-6.39
55625.62,-6.49
55674.6,-4.99
55720.22,-5.69
55766.3,-5.79
55812.7,-5.19
55857.6,-4.89
55902.28,-5.99
55949.14,-5.89
55996.3,-5.09
56041.52,-6.09
56089.79,-5.89
56137.64,-5.39
56183.3,-5.69
56230.5,-6.89
56282.05,-5.89
56330.04,-5.79
56377.61,-5.89
56425.6,-6.29
56474.97,-6.39
56525.7,-6.99
56578.72,-7.39
56633.58,-6.39
56684.11,-6.39
56734.66,-7.19
56788.98,-7.39
56843.66,-5.79
56893.26,-7.69
56948.4,-6.39
57000.04,-6.39
57049.55,-5.59
57097.11,-5.89
57145.92,-7.19
57197.99,-5.69
57246.61,-6.09
57295.21,-6.19
57344.52,-6.29
57393.95,-5.69
57441.39,-5.49
57487.95,-6.69
57539.34,-5.59
57586.31,-6.19
57636.03,-5.39
57681.91,-5.19
57727.23,-5.59
57772.52,-4.39
57816.89,-5.89
57862.46,-5.29
57908.76,-5.39
57953.9,-4.79
57997.37,-4.29
58039.02,-4.99
58082.88,-3.99
58124.02,-4.79
58166.32,-4.59
58211.71,-6.79
58260.4,-5.69
58308.32,-4.99
58353.21,-4.79
58397.41,-5.49
58443.31,-5.69
58490.12,-4.89
58533.96,-4.29
58576.62,-5.99
58624.3,-6.19
58673.62,-5.89
58721.52,-5.29
58767.59,-5.19
58812.69,-4.99
58857.5,-5.09
58901.39,-4.29
58944.47,-5.59
58990.2,-4.29
59032.36,-4.99
59075.2,-3.39
59116.41,-5.09
59157.86,-4.09
59199.42,-3.89
59239.87,-4.89
59283.47,-4.69
59327.15,-5.39
59371.3,-3.79
59412.37,-3.59
59452.11,-4.19
59492.79,-4.49
59534.86,-4.69
59577.29,-3.89
59618.91,-4.89
59661.82,-4.79
59706.03,-5.09
59750.33,-4.79
59794.35,-4.89
59838.43,-4.79
59882.17,-4.69
59925.3,-4.39
59967.62,-4.39
60011.64,-6.09
60055.88,-3.49
60098.79,-5.19
60142.68,-5.29
60188.67,-6.29
60238.74,-5.09
60283.93,-3.79
60325.15,-5.29
60370.16,-5.49
60416.6,-5.19
60462.12,-4.79
60508.09,-6.09
60556.23,-5.89
60603.56,-4.29
60647.65,-4.89
60691.46,-4.89
60735.82,-4.69
60780.1,-6.29
60829.5,-5.29
60876.66,-5.79
60924.57,-5.59
60973.0,-6.19
61023.12,-6.29
61073.68,-5.89
61122.82,-5.59
61171.66,-6.49
61222.13,-5.89
61271.19,-5.19
61318.93,-6.19
61367.92,-5.69
61415.91,-4.99
61461.53,-4.79
61507.53,-6.19
61556.01,-5.89
61605.86,-6.19
61656.52,-6.49
61707.34,-5.69
61756.12,-5.39
61804.14,-6.09
61854.32,-6.69
61905.46,-5.39
61954.7,-6.09
62003.83,-5.79
62053.36,-6.09
62103.43,-6.29
62154.48,-6.29
62205.55,-5.99
62257.05,-7.09
62310.51,-6.59
62363.1,-5.89
62413.98,-6.39
62465.75,-6.69
62518.77,-6.49
62571.2,-6.19
62622.91,-6.59
62675.68,-6.69
62729.62,-7.29
62786.31,-7.19
62842.99,-7.89
62902.05,-7.09
62958.61,-6.89
63013.77,-6.99
63069.18,-7.19
63125.52,-7.59
63183.74,-7.79
63243.56,-7.49
63300.73,-6.19
63355.27,-7.89
63413.71,-7.89
63474.03,-7.79
63534.1,-7.49
63592.26,-7.19
63650.02,-8.09
63711.55,-8.39
63774.4,-7.59
63833.86,-7.39
63892.85,-9.49
63960.85,-8.19
64025.16,-8.19
64087.83,-8.39
64151.11,-7.89
64213.04,-8.29
64275.57,-7.99
64337.41,-7.79
64397.55,-7.49
64454.43,-5.89
64506.12,-5.79
64557.63,-7.29
64611.23,-5.59
64664.57,-7.89
64721.55,-6.89
64777.68,-6.79
64832.61,-6.09
64884.15,-6.49
64937.45,-7.49
64996.66,-8.09
65057.54,-7.39
65116.96,-7.79
65177.35,-8.29
65240.5,-7.69
65300.45,-7.19
65359.1,-7.79
65419.54,-8.09
65481.62,-7.39
65540.73,-8.19
65602.83,-7.29
65663.05,-8.29
65725.72,-7.99
65788.09,-7.79
65849.3,-7.89
65909.3,-6.69
65965.74,-6.79
66022.88,-8.79
66087.94,-7.39
66147.48,-7.99
66208.99,-7.69
66270.34,-8.19
66333.24,-8.39
66397.72,-7.79
66460.48,-8.59
66524.7,-7.49
66584.99,-7.99
66647.98,-8.39
66712.84,-8.59
66778.52,-7.79
66840.67,-8.29
66905.41,-8.59
66971.49,-8.49
67037.45,-8.19
67102.17,-8.89
67168.94,-8.19
67233.83,-8.19
67297.33,-7.89
67359.89,-8.09
67421.87,-6.89
67480.23,-8.79
67546.31,-7.69
67608.18,-7.49
67669.24,-8.29
67733.09,-8.29
67797.21,-7.59
67858.85,-8.09
67922.29,-8.69
67988.89,-7.89
68052.18,-8.49
68117.46,-8.29
68182.92,-8.49
68248.79,-7.89
68312.25,-7.99
68375.73,-8.49
68441.36,-7.89
68503.09,-6.89
68562.52,-8.19
68625.52,-8.19
68690.27,-8.39
68753.66,-6.19
68811.41,-7.99
68872.2,-7.69
68934.06,-7.39
68994.38,-8.19
69059.06,-8.69
69126.57,-8.59
69194.12,-8.39
69258.69,-6.89
69317.97,-7.19
69376.24,-6.99
69434.29,-6.69
69490.74,-7.29
69549.45,-6.89
69608.06,-7.69
69668.66,-7.29
69729.24,-8.59
69795.61,-8.09
69860.4,-8.09
69925.31,-8.89
69993.61,-7.99
70059.09,-8.79
70126.72,-7.89
70190.94,-8.39
70256.85,-8.09
70321.97,-7.99
70386.3,-6.39
70441.96,-7.69
70503.59,-7.99
70566.64,-7.49
70627.33,-6.09
70681.65,-6.69
70738.15,-6.39
70793.77,-7.09
70852.49,-7.39
70911.81,-6.69
70969.32,-6.89
71026.38,-6.49
71082.35,-6.89
71139.64,-5.99
71192.71,-5.79
71245.63,-6.69
71300.48,-5.49
71352.49,-5.89
71404.3,-5.79
71456.12,-5.59
71505.91,-4.39
71553.57,-5.19
71601.38,-4.79
71649.08,-4.79
71695.91,-4.19
71741.35,-4.69
71787.89,-4.69
71834.8,-5.19
71883.7,-4.59
71930.99,-6.89
71988.23,-6.49
72042.79,-4.39
72090.59,-6.29
72144.12,-5.59
72195.73,-5.39
72246.05,-5.19
72295.62,-5.19
72345.94,-6.19
72399.98,-6.39
72454.86,-5.99
72508.79,-6.09
72561.27,-5.09
72612.29,-5.89
72664.46,-5.99
72717.86,-5.89
72771.23,-6.19
72825.47,-6.09
72879.55,-5.79
72932.45,-6.29
72987.59,-6.49
73043.64,-6.09
73099.45,-7.29
73157.88,-6.29
73214.86,-6.79
73272.08,-6.49
73329.41,-7.49
73391.34,-8.09
73456.01,-7.09
73517.59,-7.39
73579.0,-7.49
73641.57,-7.39
73703.0,-6.89
73762.34,-6.79
73820.99,-6.89
73879.61,-6.69
73937.23,-6.39
73993.81,-6.89
74051.31,-5.79
74105.98,-6.09
74159.93,-5.79
74213.14,-5.69
74266.97,-6.79
74322.88,-5.39
74375.91,-6.29
74430.98,-5.69
74483.98,-6.59
74540.68,-4.79
74590.27,-6.19
74644.3,-5.49
74696.36,-5.49
74747.86,-5.39
74799.5,-5.89
74851.99,-5.29
74903.27,-5.19
74951.8,-3.49
74997.11,-4.69
75043.82,-4.79
75092.02,-4.79
75140.15,-4.09
75185.66,-4.99
75234.73,-3.79
75278.93,-4.29
75325.48,-5.09
75374.07,-4.19
75420.76,-4.39
75467.02,-4.19
75512.52,-3.69
75555.73,-2.79
75597.69,-3.89
75640.88,-3.29
75683.32,-3.69
75727.63,-4.79
75775.55,-4.59
75823.27,-4.49
75871.12,-4.99
75919.84,-4.59
75968.84,-5.39
76018.51,-4.39
76068.18,-5.89
76120.52,-5.49
76172.84,-5.09
76223.53,-5.09
76273.91,-5.19
76324.91,-5.39
76376.4,-5.29
76428.02,-5.89
76482.08,-5.89
76536.7,-5.49
76589.41,-6.19
76645.12,-5.79
76700.38,-6.69
76757.64,-6.09
76814.8,-6.89
76874.26,-7.19
76936.16,-6.69
76994.91,-5.99
77051.18,-6.29
77107.0,-5.69
77161.16,-5.59
77215.8,-6.79
77273.68,-6.19
77330.61,-5.99
77386.21,-5.39
77438.53,-5.59
77492.7,-7.39
77552.72,-5.29
77607.9,-6.29
77662.61,-5.39
77716.32,-5.69
77770.63,-6.49
77827.92,-6.29
77885.04,-5.99
77940.52,-6.19
77996.55,-5.49
78050.09,-5.39
78102.57,-5.29
78154.91,-5.39
78208.31,-6.09
78261.71,-4.49
78313.07,-5.69
78364.95,-5.09
78416.56,-4.99
78467.89,-5.59
78521.75,-6.39
78578.66,-5.79
78633.6,-5.79
78688.48,-6.39
78746.24,-6.39
78803.99,-6.09
78860.46,-5.69
78915.77,-5.99
78971.27,-5.79
79026.43,-5.89
79081.77,-5.29
79134.23,-5.49
79187.91,-5.99
79243.13,-4.99
79294.77,-5.09
79347.52,-6.69
79405.48,-5.99
79460.71,-4.59
79511.75,-4.89
79562.65,-5.49
79615.38,-5.49
79667.91,-4.69
79718.61,-4.99
79769.12,-4.79
79818.84,-4.29
79867.15,-4.39
79916.73,-5.69
79968.85,-4.79
80020.01,-4.99
80070.88,-4.99
80123.39,-6.49
80180.29,-4.39
80229.9,-5.39
80282.46,-4.49
80331.76,-5.59
80385.85,-3.79
80431.56,-4.19
80478.94,-4.09
80526.63,-4.89
80576.62,-4.29
80626.0,-5.59
80678.79,-4.09
80727.32,-5.29
80778.62,-3.59
80824.3,-3.39
80870.02,-4.89
80919.0,-4.49
80968.71,-4.79
81019.16,-5.09
81070.61,-4.79
81120.88,-4.19
81169.23,-4.29
81217.17,-4.29
81263.82,-3.19
81310.66,-5.29
81359.41,-3.99
81408.61,-4.69
81456.76,-3.69
81504.16,-4.29
81552.0,-4.59
81601.12,-4.39
81649.99,-4.39
81698.53,-4.19
81746.21,-3.69
81792.51,-3.99
81839.52,-4.49
81888.4,-3.79
81934.86,-3.99
81982.23,-4.89
82033.02,-4.09
82080.88,-4.79
82131.63,-4.59
82181.58,-4.09
82229.51,-4.79
82280.34,-4.99
82331.91,-4.39
82380.91,-3.99
82427.73,-3.29
82472.42,-3.69
82518.77,-4.59
82567.8,-4.59
82616.7,-3.69
82663.56,-3.69
82709.46,-3.69
82755.88,-4.09
82800.9,-1.99
82842.87,-3.49
82886.74,-2.69
82928.98,-3.59
82973.68,-3.39
83018.3,-3.29
83063.79,-4.39
83110.54,-3.59
83157.38,-3.89
83202.98,-3.09
83248.05,-4.09
83294.14,-3.19
83338.54,-3.29
83382.31,-2.29
83422.87,-2.49
83464.11,-2.99
83505.55,-2.29
83547.02,-2.89
83589.23,-3.19
83632.83,-2.39
83674.56,-3.69
83718.79,-2.89
83760.27,-1.19
83800.29,-3.09
83841.72,-2.89
83884.49,-2.09
83924.55,-2.79
83966.59,-3.09
84009.7,-2.99
84052.41,-2.49
84094.57,-3.29
84137.89,-1.79
84177.27,-2.79
84218.01,-1.79
84257.71,-1.99
84296.64,-2.09
84336.02,-2.09
84375.5,-1.79
84413.95,-1.59
84453.42,-2.99
84494.84,-2.69
84537.19,-2.89
84580.09,-3.29
84623.62,-2.09
84665.84,-3.39
84708.8,-2.89
84752.11,-2.69
84794.62,-2.99
84837.49,-1.79
84876.48,-1.79
84917.51,-3.99
84961.11,-2.69
85005.39,-3.19
85048.65,-2.69
85090.98,-1.69
85130.3,-3.39
85174.18,-2.59
85217.63,-3.39
85261.08,-2.59
85305.68,-4.19
85351.32,-3.09
85396.8,-3.49
85442.43,-3.69
85488.73,-2.69
85531.59,-2.79
85575.11,-3.59
85620.25,-3.09
85665.11,-3.29
85709.41,-2.89
85752.76,-2.59
85795.44,-3.09
85839.48,-3.59
85885.66,-4.29
85935.09,-3.49
85980.7,-2.49
86024.36,-4.59
86073.3,-3.89
86121.38,-3.59
86168.39,-3.89
86216.18,-4.09
86264.16,-3.49
86309.02,-1.89
86352.66,-4.09
86398.8,-3.89
86446.87,-3.69
86494.41,-3.89
86542.64,-4.49
86592.29,-3.19
86638.54,-4.29
86688.13,-4.19
86737.78,-4.19
86787.34,-3.69
86834.85,-3.99
86883.52,-4.69
86935.41,-4.49
86986.69,-4.49
87037.86,-4.49
87088.73,-3.79
87136.91,-3.99
87185.7,-4.29
87235.64,-3.59
87282.97,-5.09
87336.99,-4.49
87388.33,-4.49
87439.8,-4.59
87491.29,-4.19
87541.98,-5.09
87595.56,-4.89
87649.53,-5.19
87704.74,-5.49
87761.21,-5.59
87816.4,-3.99
87868.45,-5.29
87922.59,-4.99
87977.27,-5.29
88032.79,-4.59
88084.86,-5.79
88142.62,-4.89
88197.85,-5.89
88256.55,-6.39
88318.63,-6.79
88383.18,-6.99
88448.07,-5.79
88506.76,-4.69
88562.36,-5.89
88620.66,-6.29
88681.59,-5.69
88740.26,-6.09
88799.31,-4.79
88856.26,-6.69
88916.37,-5.09
88974.01,-6.19
89034.55,-5.79
89093.06,-5.29
89149.34,-5.09
89204.38,-4.99
89260.06,-5.89
89318.27,-5.79
89376.96,-5.19
89433.2,-6.19
89493.46,-5.09
89549.95,-5.69
89608.51,-6.29
89668.38,-4.99
89724.59,-5.39
89781.33,-5.49
89838.76,-4.99
89893.27,-4.49
89946.24,-4.89
89999.58,-4.39
90052.15,-4.79
90104.93,-4.39
90158.63,-5.69
90215.65,-5.59
90273.29,-4.89
90328.54,-5.39
90385.3,-5.39
90441.7,-3.89
90492.44,-4.19
90543.15,-4.39
90594.62,-4.09
90645.51,-4.29
90697.11,-4.49
90750.59,-5.49
90807.3,-5.39
90863.12,-3.99
90915.37,-4.49
90967.26,-4.49
91020.08,-4.79
91073.23,-3.99
91123.22,-3.19
91171.09,-4.29
91221.95,-4.69
91275.23,-4.69
91329.07,-4.69
91382.74,-4.69
91436.36,-3.29
91483.52,-5.69
91542.13,-5.09
91598.14,-4.59
91651.52,-4.19
91705.36,-6.09
91764.38,-5.89
91824.88,-5.69
91884.26,-5.49
91942.38,-5.19
91998.96,-4.89
92053.54,-4.19
92105.98,-4.39
92158.95,-4.99
92213.77,-4.99
92268.78,-4.39
92323.24,-5.89
92382.71,-4.99
92439.02,-5.59
92497.57,-5.19
92554.62,-5.09
92612.16,-5.99
92670.22,-3.49
92721.45,-4.19
92773.16,-4.89
92828.09,-5.29
92885.65,-5.49
92943.5,-4.59
92998.18,-4.99
93053.48,-4.89
93108.11,-4.19
93161.2,-4.59
93214.59,-4.59
93268.62,-4.59
93323.03,-5.09
93379.07,-5.09
93435.85,-4.89
93491.38,-4.59
93544.41,-3.39
93594.31,-4.49
93647.24,-4.89
93701.73,-4.19
93754.65,-4.39
93806.23,-3.49
93857.85,-5.19
93911.53,-3.99
93964.18,-4.19
94015.96,-4.19
94067.8,-4.09
94119.95,-4.69
94174.41,-5.29
94231.96,-3.89
94282.84,-4.59
94337.06,-4.39
94390.84,-4.89
94445.28,-3.69
94495.81,-3.49
94545.12,-3.89
94595.27,-3.79
94645.7,-4.09
94698.17,-5.19
94753.67,-4.29
94807.5,-4.19
94858.19,-2.79
94907.84,-4.79
94959.98,-3.99
95012.06,-3.69
95062.84,-4.09
95114.25,-4.09
95166.09,-3.99
95217.15,-3.59
95267.15,-3.69
95316.7,-3.39
95365.71,-3.49
95416.2,-4.89
95469.23,-3.29
95519.38,-3.89
95570.52,-4.69
95624.09,-3.49
95674.61,-4.19
95726.84,-4.19
95779.69,-4.29
95833.01,-5.39
95891.26,-3.99
95943.16,-3.19
95990.86,-1.99
96034.3,-2.29
96078.5,-3.39
96126.66,-2.69
96172.8,-2.89
96219.9,-3.69
96269.16,-3.39
96318.35,-3.39
96367.91,-4.09
96420.04,-4.59
96474.5,-4.19
96527.83,-4.29
96581.32,-4.59
96636.26,-4.19
96689.59,-4.19
96742.89,-4.59
96797.04,-3.79
96849.39,-4.29
96902.67,-4.49
96955.92,-3.49
97007.56,-4.19
97060.35,-4.59
97112.5,-2.49
97161.55,-3.99
97213.34,-5.09
97268.57,-3.39
97320.02,-4.09
97371.57,-3.59
97421.61,-2.99
97470.19,-3.89
97521.49,-4.49
97575.64,-4.09
97628.37,-2.89
97676.96,-5.09
97734.15,-4.39
97788.51,-3.99
97840.47,-3.09
97890.0,-4.69
97944.13,-3.49
97995.8,-3.99
98047.46,-3.49
98098.49,-3.99
98150.33,-3.89
98203.81,-4.99
98257.59,-2.79
98308.66,-4.39
98360.12,-3.49
98411.25,-3.59
98461.47,-3.49
98511.74,-3.59
98562.05,-3.39
98613.05,-4.29
98666.07,-4.09
98718.46,-3.09
98769.04,-4.69
98823.55,-3.99
98876.77,-4.09
98929.8,-2.69
98977.05,-3.39
99027.08,-3.99
99079.98,-4.39
99134.75,-4.29
99188.97,-3.99
99241.41,-3.09
99290.93,-3.69
99341.69,-3.39
99392.99,-4.69
99446.69,-2.89
99497.91,-4.59
99551.45,-3.89
99604.64,-3.79
99655.86,-2.99
99706.0,-3.89
99756.17,-2.89
99806.5,-4.09
99859.19,-4.59
99914.62,-4.39
99969.56,-3.79
100022.7,-4.49
100078.0,-3.69
100130.2,-4.89
100187.5,-3.59
100239.6,-3.89
100292.3,-3.89
100346.4,-5.09
100404.3,-4.79
100462.1,-4.39
100517.7,-3.89
100571.7,-4.49
100627.5,-4.29
100682.6,-3.89
100735.6,-3.39
100786.9,-4.39
100841.6,-3.39
100893.1,-3.39
100944.0,-3.79
100996.3,-3.79
101050.0,-4.79
101105.3,-3.49
101159.0,-4.29
101212.4,-3.49
101264.4,-3.29
101315.7,-4.09
101368.7,-3.59
101420.4,-3.09
101470.8,-3.99
101523.7,-3.69
101576.4,-3.99
101630.0,-2.99
101679.2,-3.89
101732.4,-3.19
101782.8,-4.19
101837.7,-3.79
101890.8,-3.69
101943.1,-3.49
101994.9,-3.49
102046.1,-3.09
102097.6,-4.39
102152.1,-4.09
102207.6,-4.39
102263.3,-4.09
102317.9,-3.49
102370.1,-3.59
102421.8,-2.99
102471.4,-2.79
102520.2,-3.29
102569.2,-1.99
102615.8,-2.69
102664.1,-3.69
102715.3,-3.09
102766.8,-4.09
102820.4,-3.69
102873.8,-3.89
102927.6,-3.29
102979.0,-3.89
103032.8,-3.59
103085.2,-3.59
103137.6,-3.49
103190.2,-4.19
103245.4,-3.79
103299.4,-3.59
103352.3,-3.49
103405.4,-4.09
103461.7,-5.39
103522.1,-3.99
103577.9,-4.09
103633.3,-4.39
103690.1,-4.09
103745.8,-3.99
103801.7,-4.69
103858.4,-3.49
103913.8,-4.69
103971.9,-4.79
104031.6,-4.79
104091.0,-4.49
104148.6,-3.99
104206.0,-5.19
104266.5,-4.99
104327.8,-5.39
104390.8,-4.49
104451.9,-6.19
104518.5,-5.99
104585.9,-5.49
104651.7,-6.59
104721.8,-6.19
104790.8,-5.69
104858.0,-6.49
104927.9,-5.09
104991.1,-6.09
105057.6,-4.99
105120.7,-5.49
105184.8,-4.99
105246.5,-4.89
105309.1,-5.99
105375.8,-5.39
105439.3,-3.89
105496.7,-4.89
105557.3,-5.19
105619.6,-4.79
105680.4,-4.79
105740.7,-4.59
105800.8,-4.99
105861.8,-4.49
105921.1,-3.89
105977.3,-4.19
106034.6,-4.19
106091.7,-3.89
106148.4,-4.39
106206.5,-4.29
106263.6,-3.29
106318.1,-4.19
106375.0,-4.79
106435.8,-4.89
106496.8,-4.19
106555.0,-4.09
106612.7,-4.49
106671.6,-4.19
106729.5,-3.99
106786.1,-4.09
106843.4,-4.19
106901.6,-4.49
106961.0,-4.59
107021.0,-4.49
107080.6,-4.59
107139.7,-2.89
107192.9,-3.79
107248.5,-4.19
107305.2,-3.49
107360.7,-3.79
107416.7,-3.89
107473.1,-3.29
107526.9,-3.29
107580.4,-3.49
107634.9,-2.99
107687.4,-3.29
107740.4,-2.69
107791.7,-2.89
107842.9,-2.39
107893.1,-3.09
107945.6,-3.49
108001.4,-4.49
108060.6,-4.19
108119.8,-3.99
108177.6,-3.39
108232.5,-4.19
108291.0,-3.69
108348.3,-4.39
108408.1,-4.69
108469.7,-4.39
108530.6,-4.29
108591.1,-5.19
108655.0,-4.39
108717.1,-4.89
108780.4,-4.29
108841.2,-4.99
108905.0,-4.99
108969.6,-4.99
109034.1,-5.69
109102.8,-5.59
109171.8,-5.79
109241.8,-5.89
109312.3,-5.79
109382.6,-5.99
109454.2,-6.29
109527.4,-6.29
109602.2,-6.99
109680.2,-5.79
109751.7,-6.39
109825.8,-5.99
109898.4,-6.39
109972.2,-5.89
110044.3,-6.69
110120.0,-5.89
110192.4,-5.99
110265.6,-7.29
110344.6,-5.79
110416.7,-5.39
110485.3,-5.79
110555.8,-5.59
110625.6,-4.99
110692.9,-6.59
110767.2,-5.39
110836.8,-5.19
110904.1,-5.19
110971.2,-5.19
111038.5,-4.99
111104.3,-4.59
111169.8,-6.19
111242.3,-5.29
111309.7,-3.89
111371.5,-4.99
111437.6,-6.09
111509.7,-5.29
111578.8,-5.19
111645.8,-4.09
111708.8,-4.79
111773.4,-4.89
111839.6,-4.89
111906.3,-5.29
111974.4,-5.09
112041.5,-4.49
112106.2,-4.99
112172.1,-4.49
112236.4,-4.59
112301.8,-5.19
112369.1,-4.69
112434.9,-4.69
112499.2,-3.89
112562.1,-5.49
112630.9,-5.49
112700.6,-4.49
112766.5,-5.19
112834.4,-4.99
112901.0,-4.19
112965.5,-5.19
113033.6,-5.29
113102.8,-5.09
113171.1,-4.99
113238.7,-4.59
113305.1,-5.19
113373.9,-5.49
113443.7,-4.29
113508.5,-4.49
113573.2,-4.99
113641.3,-5.49
113711.2,-4.49
113777.0,-3.99
113839.8,-4.79
113905.2,-3.89
113967.5,-3.69
114028.1,-4.29
114092.0,-4.69
114157.9,-4.59
114223.6,-4.39
114288.2,-3.99
114350.8,-3.99
114414.3,-4.99
114481.9,-3.19
114539.8,-3.59
114599.9,-3.89
114661.0,-3.49
114721.6,-4.29
114785.7,-4.59
114850.8,-3.69
114912.4,-3.39
114972.7,-4.69
115038.0,-3.29
115097.2,-3.09
115154.5,-2.89
115211.3,-3.19
115268.9,-3.09
115326.3,-2.89
115382.7,-2.89
115438.7,-2.09
115492.4,-3.19
115549.5,-2.99
115607.2,-3.19
115664.9,-2.99
115721.5,-2.09
115775.0,-3.19
115832.9,-3.39
115892.4,-3.39
115951.3,-2.79
116008.3,-2.89
116063.7,-1.69
116115.9,-1.99
116168.2,-2.59
116223.3,-2.99
116280.5,-2.29
116334.5,-2.59
116388.7,-1.09
116438.7,-2.79
116493.4,-2.09
116547.1,-2.29
116599.8,-1.39
116651.8,-2.79
116706.1,-2.29
116760.9,-2.49
116815.8,-2.39
116870.3,-2.09
116923.4,-1.79
116975.4,-2.49
117030.3,-2.79
117086.7,-1.79
117138.9,-1.59
117190.8,-2.79
117246.1,-1.89
117299.3,-1.79
117352.5,-2.79
117407.0,-1.59
117459.7,-1.99
117513.4,-3.29
117570.6,-1.79
117623.2,-0.99
117672.2,-1.49
117722.0,-1.29
117771.7,-1.49
117821.9,-1.29
117871.8,-1.89
117923.8,-1.69
117975.5,-1.49
118025.8,-0.79
118073.9,-1.59
118124.8,-1.99
118177.4,-0.59
118224.4,-1.09
118272.7,-0.69
118320.4,-1.29
118370.1,-1.89
118421.0,-0.29
118467.8,-0.89
118515.0,-0.79
118562.6,-0.89
118610.1,-0.59
118656.4,0.01
118702.3,-0.99
118749.8,-1.09
118798.0,-0.49
118845.2,-0.69
118892.3,-0.69
118939.0,0.11
118983.7,-0.79
119031.4,-0.79
119079.2,0.11
119123.7,-0.69
119170.4,-0.19
119217.0,-1.19
119265.7,-0.99
119312.4,1.01
119355.4,0.41
119396.8,0.81
119439.1,-0.29
119484.3,-1.19
119533.7,-0.09
119579.1,-0.69
119626.6,-0.99
119675.3,0.11
119719.9,0.11
119763.6,0.31
119808.3,-0.79
119854.4,-0.19
119901.1,-0.59
119947.9,-0.69
119995.2,-0.39
120041.4,0.41
120085.5,-0.59
120132.2,-0.09
120177.3,0.01
120221.2,1.01
120263.8,-0.19
120306.4,1.21
120348.9,0.21
120391.6,0.21
120435.6,-0.09
120480.5,-0.19
120526.0,0.31
120569.8,-0.09
120614.8,-0.09
120659.4,0.51
120704.3,-0.69
120750.4,-0.29
120795.8,0.91
120838.7,0.31
120881.9,1.01
120923.4,-0.09
120967.8,0.51
121010.8,0.91
121051.6,1.71
121091.9,0.41
121134.2,0.31
121178.0,0.71
121220.5,0.11
121265.2,-0.29
121310.4,0.41
121354.1,0.71
121397.1,0.21
121439.7,1.61
121479.7,0.21
121523.2,1.51
121563.4,1.11
121603.8,0.81
121644.9,1.11
121686.3,0.41
121729.5,0.71
121771.5,1.01
121813.2,0.61
121856.0,0.31
121899.3,0.61
121942.3,0.91
121984.4,0.61
122027.0,0.71
122068.7,1.51
122109.4,0.91
122150.0,1.21
122190.9,1.01
122231.9,1.21
122272.3,1.51
122311.2,2.11
122350.5,0.81
122391.2,0.71
122433.3,2.11
122471.6,0.81
122512.7,1.01
122554.3,1.01
122595.5,1.21
122636.6,1.01
122678.0,1.21
122718.1,1.91
122757.0,1.51
122794.9,2.51
122832.1,1.31
122872.5,0.61
122913.9,1.81
122953.2,2.01
122991.7,1.31
123031.5,1.11
123072.3,1.31
123112.2,1.81
123152.1,1.11
123193.5,0.11
123237.4,0.91
123280.1,1.11
123321.5,0.71
123363.3,1.31
123404.8,0.91
123446.2,1.01
123487.5,1.71
123526.8,1.91
123565.4,1.41
123603.9,2.31
123642.6,1.31
123682.2,0.91
123724.0,1.31
123764.3,1.61
123804.2,1.41
123844.1,1.41
123884.1,1.71
123923.2,1.91
123961.9,1.71
124001.2,1.31
124040.5,2.21
124078.5,2.41
124115.5,2.01
124154.7,0.71
124194.6,2.11
124233.8,1.81
124272.5,1.81
124311.8,1.31
124351.1,2.01
124391.5,0.21
124434.4,2.11
124472.8,2.01
124511.5,1.41
124551.6,1.01
124592.0,2.21
124630.6,0.81
124672.7,1.91
124712.6,1.21
124751.3,2.71
124789.9,1.21
124830.0,1.01
124871.4,2.11
124909.5,2.41
124947.0,2.01
124984.7,2.01
125023.2,1.21
125062.1,2.81
125100.0,2.01
125137.3,1.81
125176.2,2.21
125214.7,1.31
125255.6,0.51
125296.7,2.21
125336.0,2.21
125373.6,2.11
125409.7,3.61
125445.5,2.21
125481.3,2.71
125516.6,3.41
125552.6,1.71
125589.6,2.21
125627.6,1.91
125665.6,2.71
125704.0,1.21
125743.7,1.31
125785.2,0.61
125828.8,1.61
125868.5,1.91
125908.8,0.61
125951.5,0.41
125994.9,1.51
126036.2,1.91
126075.2,2.51
126113.1,1.41
126152.0,2.01
126192.2,0.91
126234.1,0.61
126277.9,1.91
126317.9,0.71
126360.2,1.11
126401.8,1.81
126442.2,1.61
126482.3,1.31
126523.8,0.81
126566.1,1.71
126606.8,1.51
126646.6,1.91
126686.0,2.01
126724.9,1.01
126767.1,1.11
126809.2,1.21
126850.9,1.31
126892.7,0.91
126934.8,1.51
126975.9,0.41
127020.9,0.11
127065.4,2.01
127106.7,1.31
127147.7,0.91
127190.2,1.01
127232.5,2.11
127271.6,0.71
127313.4,2.01
127354.8,0.71
127396.9,0.81
127439.4,2.01
127479.3,2.01
127519.1,0.31
127562.8,1.01
127607.0,0.21
127651.8,0.41
127696.2,1.21
127739.0,1.11
127781.0,1.71
127820.9,1.81
127860.8,1.41
127900.1,2.31
127938.5,2.51
127975.5,2.11
128013.7,2.21
128050.5,3.21
128086.6,2.51
128122.9,3.11
128158.9,2.11
128195.2,2.81
128231.8,3.21
128266.8,2.61
128303.7,1.91
128341.7,2.11
128380.1,2.21
128417.6,2.61
128454.1,2.91
128491.1,1.71
128530.0,1.91
128569.0,2.11
128606.4,3.01
128642.3,3.41
128676.6,2.51
128713.2,2.81
128749.1,3.01
128785.0,2.11
128822.6,3.01
128859.3,1.91
128895.5,3.31
128931.2,2.91
128965.2,4.51
128998.2,3.41
129030.6,3.61
129063.1,4.41
129095.2,3.81
129127.0,3.51
129159.8,4.21
129192.1,4.01
129223.9,3.61
129257.2,3.41
129290.7,3.31
129324.4,4.61
129356.9,2.81
129389.3,4.21
129421.7,4.41
129452.3,4.71
129482.6,4.21
129513.1,5.01
129543.1,4.91
129572.6,3.71
129603.5,4.91
129634.1,5.01
129663.2,4.91
129693.3,4.11
129724.4,3.51
129754.9,5.71
129785.6,4.21
129816.6,3.61
129847.9,4.61
129879.3,4.91
129909.5,4.11
129941.0,3.51
129974.1,4.11
130005.8,4.21
130038.3,3.01
130072.6,3.81
130105.2,4.01
130137.4,4.21
130169.2,3.71
130202.2,3.51
130235.0,4.41
130266.4,4.21
130298.0,4.11
130329.5,4.91
130360.7,3.01
130393.5,3.41
130428.0,3.31
130460.9,4.81
130493.1,3.91
130524.8,3.51
130557.7,4.21
130590.5,3.71
130623.1,3.81
130655.8,3.91
130688.5,3.81
130721.2,3.51
130756.1,2.41
130791.8,2.91
130828.0,4.21
130860.1,3.81
130892.9,3.41
130926.6,3.61
130959.8,3.91
130993.4,3.31
131027.5,2.81
131063.0,3.41
131097.0,3.91
131130.6,2.11
131168.5,2.71
131203.9,3.91
131238.9,2.81
131274.5,2.51
131311.0,3.21
131346.5,3.31
131381.5,2.31
131419.4,2.31
131455.8,3.81
131493.0,1.41
131532.0,1.81
131571.9,2.81
131609.4,2.21
131647.6,2.01
131687.1,1.51
131727.9,1.71
131768.5,1.71
131809.3,1.51
131850.4,1.61
131892.7,0.51
131936.7,1.11
131980.1,1.31
132022.3,1.21
132065.1,1.11
132107.7,1.51
132150.1,1.11
132193.6,0.41
132238.7,0.81
132283.2,1.21
132326.1,0.81
132370.0,1.51
132412.9,0.51
132457.5,0.71
132504.6,-0.89
132554.6,-0.39
132604.7,0.11
132653.6,-0.29
132702.8,-0.29
132753.1,-0.79
132804.6,-0.69
132856.7,-0.89
132909.4,-0.99
132962.1,-0.49
133014.7,-1.99
133072.3,-1.79
133129.6,-0.69
133181.7,-0.79
133233.8,-0.49
133285.4,-1.19
133339.8,-1.49
133395.5,-1.39
133451.5,-1.59
133507.5,-1.19
133563.7,-2.29
133623.5,-2.69
133686.2,-1.79
133746.0,-2.59
133807.5,-2.39
133869.3,-2.79
133933.3,-2.59
133997.4,-3.39
134064.5,-3.19
134131.0,-2.09
134191.6,-2.29
134254.3,-3.79
134323.2,-3.69
134392.5,-2.59
134456.7,-2.39
134519.0,-2.69
134583.3,-3.49
134652.4,-3.79
134723.5,-4.29
134796.5,-2.69
134863.5,-3.99
134935.1,-3.89
135007.3,-4.19
135081.2,-4.69
135157.8,-3.69
135229.7,-4.59
135306.6,-4.49
135383.2,-4.49
135460.0,-4.89
135539.1,-4.79
135618.0,-4.79
135697.3,-5.29
135779.6,-5.09
135861.0,-5.29
135944.3,-5.89
136031.5,-5.89
136120.0,-5.99
136209.5,-6.59
136303.9,-6.69
136399.6,-6.69
136495.4,-6.79
136592.1,-7.09
136690.1,-5.79
136779.6,-6.99
136877.6,-6.39
136970.7,-5.59
137058.0,-6.39
137151.1,-7.39
137251.8,-6.89
137350.6,-7.39
137453.6,-7.69
137559.4,-7.69
137664.7,-6.49
137760.9,-7.49
137863.4,-7.09
137964.2,-7.39
138067.5,-7.69
138172.9,-6.39
138267.1,-6.39
138362.0,-7.19
138462.9,-7.09
138563.4,-7.09
138663.7,-6.69
138761.6,-7.59
138865.7,-7.19
138967.2,-6.89
139066.6,-7.29
139168.9,-6.99
139269.4,-7.49
139373.7,-7.49
139478.5,-6.89
139577.9,-7.79
139685.8,-7.39
139790.4,-7.69
139898.7,-8.39
140012.5,-7.99
140123.9,-7.89
140233.7,-7.89
140343.6,-7.69
140451.5,-7.49
140557.6,-7.49
140663.9,-7.79
140772.8,-8.09
140884.6,-7.49
140991.1,-8.09
141101.4,-6.99
141204.9,-8.19
141316.5,-8.09
141428.8,-7.39
141534.3,-7.19
141638.3,-7.99
141749.2,-7.69
141857.9,-7.99
141969.2,-8.09
142082.1,-8.19
142195.1,-7.69
142304.7,-7.79
142414.1,-7.39
142519.9,-7.79
142629.7,-8.29
142743.6,-6.99
142846.7,-6.89
142948.6,-7.49
143054.0,-6.79
143155.5,-7.39
143261.1,-7.79
143370.9,-8.29
143485.7,-7.59
143594.6,-7.69
143703.1,-7.09
143807.5,-7.29
143911.6,-6.69
144011.5,-7.19
144116.1,-7.89
144227.4,-7.79
144338.7,-7.99
144450.7,-6.99
144554.1,-6.49
144653.6,-7.49
144760.8,-8.09
144874.4,-7.29
144981.2,-8.09
145094.9,-7.89
145206.1,-7.09
145310.1,-6.59
145410.6,-7.29
145515.9,-7.29
145622.5,-7.49
145730.2,-6.89
145833.1,-7.49
145940.6,-7.29
146046.4,-6.89
146150.5,-7.99
146261.9,-7.19
146368.2,-7.09
146472.7,-6.89
146575.6,-7.99
146689.0,-7.39
146797.8,-7.79
146910.0,-8.29
147027.2,-7.79
147138.4,-6.39
147238.2,-7.09
147342.8,-7.49
147451.2,-7.29
147558.5,-6.99
147662.9,-7.19
147766.6,-4.69
147854.7,-7.29
147958.3,-6.69
148060.0,-6.89
148162.7,-6.49
148263.4,-7.29
148370.0,-7.59
148480.9,-7.79
148593.8,-7.89
148707.2,-7.49
148817.7,-7.79
148930.5,-7.09
149035.7,-6.39
149134.6,-6.39
149233.5,-7.19
149339.3,-6.39
149439.0,-6.19
149536.6,-6.99
149640.7,-7.19
149747.5,-7.39
149856.3,-7.29
149964.4,-6.69
150067.2,-7.19
150173.9,-7.29
150282.5,-7.09
150389.5,-7.49
150499.1,-6.89
150604.2,-6.89
150707.5,-5.89
150804.8,-6.89
150906.8,-5.89
151003.4,-6.19
151100.4,-5.99
151196.7,-5.99
151292.6,-5.89
151388.4,-6.19
151486.0,-5.99
151583.2,-6.59
151684.7,-6.59
151786.2,-6.29
151886.1,-6.49
151987.5,-6.39
152088.6,-6.69
152191.7,-6.79
152295.5,-6.39
152396.5,-6.19
152496.3,-7.09
152601.8,-5.99
152700.9,-6.59
152803.1,-6.69
152906.8,-6.59
153010.5,-6.79
153115.1,-6.79
153220.3,-6.89
153326.7,-6.59
153429.9,-6.39
153531.6,-6.69
153635.1,-6.39
153736.2,-5.89
153833.5,-6.39
153935.5,-7.09
154042.0,-5.39
154137.3,-6.89
154242.5,-6.89
154349.1,-7.09
154458.0,-7.59
154571.9,-6.89
154679.0,-6.89
154785.6,-6.79
154891.7,-6.99
154999.7,-7.39
155111.9,-8.09
155231.5,-7.99
155349.7,-6.99
155459.6,-7.19
155569.9,-7.39
155683.0,-7.59
155799.0,-8.29
155921.2,-7.99
156041.2,-7.69
156158.6,-8.09
156279.2,-7.89
156397.9,-7.49
156512.7,-7.49
156627.6,-8.29
156749.6,-7.39
156863.8,-7.39
156977.1,-7.59
157093.6,-7.99
157214.4,-8.89
157345.7,-9.09
157479.2,-8.89
157609.8,-7.79
157729.3,-7.99
157850.6,-8.59
157978.2,-7.59
158094.3,-7.69
158211.8,-7.79
158330.3,-7.69
158448.5,-8.59
158575.3,-8.19
158697.8,-7.29
158812.3,-7.49
158927.6,-7.49
159043.0,-7.49
159159.4,-8.09
159280.5,-6.09
159382.4,-5.99
159482.5,-6.49
159586.8,-5.89
159687.8,-7.19
159798.4,-6.59
159904.8,-5.99
160005.7,-5.69
160103.8,-5.99
160203.3,-5.29
160297.9,-5.49
160393.7,-5.89
160491.4,-4.59
160581.2,-6.29
160684.1,-5.69
160783.1,-6.29
160887.0,-6.39
160991.6,-6.09
161094.0,-6.49
161199.2,-6.39
161303.8,-5.99
161407.0,-7.59
161523.2,-6.69
161632.1,-6.59
161739.4,-6.29
161845.3,-7.19
161958.1,-7.09
162070.8,-7.09
162184.4,-7.59
162301.9,-6.99
162415.5,-7.89
162536.1,-7.19
162651.1,-7.49
162767.1,-6.19
162871.8,-5.69
162971.0,-7.49
163086.3,-5.19
163183.7,-6.19
163287.0,-5.89
163388.2,-5.79
163488.3,-5.49
163585.8,-5.99
163686.7,-4.89
163779.9,-6.09
163882.6,-6.09
163986.1,-5.99
164088.4,-5.99
164190.6,-5.89
164292.1,-5.89
164394.6,-6.49
164500.9,-6.09
164606.2,-6.99
164718.7,-7.49
164836.7,-6.39
164944.5,-6.19
165051.0,-7.39
165167.8,-7.69
165289.8,-7.99
165414.8,-8.49
165545.6,-8.19
165673.1,-7.39
165791.9,-7.69
165913.1,-7.79
166035.8,-7.59
166156.0,-7.29
166273.7,-8.19
166401.1,-7.59
166522.5,-7.69
166643.4,-6.79
166756.8,-7.19
166873.3,-7.79
166995.9,-7.39
167115.3,-7.19
167232.3,-6.99
167348.8,-8.29
167476.8,-6.89
167590.1,-7.19
167706.0,-6.69
167818.3,-7.59
167939.6,-7.39
168059.0,-7.29
168176.8,-6.39
168285.7,-6.69
168396.6,-6.59
168507.2,-6.59
168617.3,-5.59
168718.9,-5.99
168823.6,-6.99
168938.3,-6.49
169047.8,-6.19
169154.0,-5.39
169254.0,-5.79
169355.6,-5.09
169452.2,-4.89
169547.9,-6.09
169652.2,-5.79
169755.1,-5.49
169855.8,-5.69
169958.9,-6.79
170071.0,-6.19
170178.3,-5.49
170278.7,-5.59
170380.1,-5.49
170480.9,-5.79
170585.0,-6.59
170696.0,-6.59
170808.4,-6.59
170919.8,-5.69
171022.6,-5.59
171124.5,-6.99
171241.5,-6.69
171355.5,-7.09
171472.6,-7.09
171590.7,-6.79
171705.1,-6.59
171818.1,-6.69
171931.5,-7.09
172049.3,-6.89
172166.2,-7.39
172287.4,-7.39
172409.2,-7.09
172528.8,-7.29
172648.6,-6.39
172760.1,-5.79
172864.9,-5.59
172967.0,-4.99
173065.1,-5.69
173167.4,-4.89
173264.1,-4.79
173360.7,-5.79
173463.7,-5.09
173563.3,-6.09
173670.5,-5.69
173775.5,-6.39
173888.1,-6.99
174005.6,-6.39
174118.8,-6.59
174233.6,-7.39
174356.0,-6.39
174469.5,-7.09
174589.2,-6.59
174705.0,-7.29
174827.3,-7.19
174949.3,-7.69
175076.4,-7.29
175199.2,-7.09
175319.8,-6.99
175439.4,-7.09
175560.3,-7.09
175680.8,-6.99
175799.8,-6.59
175915.5,-6.99
176034.6,-6.39
176148.7,-6.89
176267.1,-7.39
176391.0,-6.49
176506.4,-6.59
176622.5,-6.89
176742.7,-7.09
176865.4,-7.89
176996.6,-7.89
177128.5,-8.19
177264.4,-7.59
177393.6,-7.49
177521.5,-7.69
177651.6,-7.89
177783.5,-7.29
177908.3,-6.69
178027.2,-7.09
178149.0,-5.89
178260.4,-5.79
178368.5,-4.89
178469.0,-5.29
178572.8,-5.79
178681.7,-5.19
178785.2,-5.59
178893.3,-6.79
179010.2,-4.79
179111.6,-4.69
179209.7,-4.39
179306.3,-5.19
179408.0,-4.79
179508.7,-5.29
179613.0,-5.49
179719.7,-5.69
179828.0,-4.89
179929.3,-5.99
180040.8,-5.89
180152.3,-5.99
180265.1,-6.39
180382.6,-6.99
180506.8,-7.29
180633.9,-7.09
180760.4,-7.59
180891.7,-7.79
181026.3,-7.19
181151.8,-6.09
181268.2,-7.59
181398.8,-7.39
181528.4,-6.49
181648.0,-7.29
181775.2,-7.59
181907.9,-7.69
182041.6,-7.69
182175.3,-7.19
182303.3,-7.49
182434.6,-7.29
182564.8,-7.99
182702.8,-7.79
182837.7,-6.29
182957.9,-7.19
183085.9,-8.19
183227.4,-7.59
183361.1,-7.49
183494.8,-7.89
183633.1,-8.19
183775.0,-6.89
183901.2,-7.29
184031.3,-7.89
184169.3,-7.39
184302.1,-7.59
184437.2,-7.59
184571.9,-7.89
184710.1,-7.19
184842.0,-7.89
184980.5,-8.29
185125.4,-7.89
185265.1,-7.39
185399.2,-7.69
185535.4,-7.49
185670.0,-8.09
185813.1,-7.89
185953.7,-7.59
186090.8,-8.29
186235.6,-7.79
186375.2,-7.49
186510.1,-6.99
186639.6,-6.69
186765.7,-7.69
186902.6,-7.59
187039.5,-7.39
187174.3,-7.49
187310.1,-7.09
187441.2,-6.99
187571.4,-6.99
187700.8,-6.79
187828.9,-5.59
187944.0,-6.49
188066.9,-5.69
188182.5,-6.19
188303.3,-5.99
188421.7,-5.79
188538.8,-5.79
188654.6,-4.79
188761.3,-4.79
188867.7,-5.09
188976.2,-4.29
189077.4,-4.19
189177.9,-3.59
189272.3,-2.99
189362.2,-3.49
189455.3,-3.19
189549.2,-4.89
189655.0,-4.89
189762.9,-4.89
189871.1,-4.79
189978.2,-5.79
190095.5,-5.29
190209.2,-5.69
190325.6,-5.89
190443.2,-4.69
190551.5,-5.39
190664.0,-5.39
190777.7,-5.99
190898.3,-5.99
191018.9,-5.49
191134.9,-5.79
191253.5,-5.89
191373.9,-6.69
191502.3,-5.59
191620.4,-5.99
191742.0,-6.29
191867.6,-7.29
192004.9,-7.29
192142.2,-6.39
192270.3,-7.39
192408.1,-6.29
192535.0,-6.49
192663.2,-6.59
192792.1,-6.09
192916.0,-6.29
193040.6,-5.59
193160.0,-6.29
193284.2,-4.79
193394.7,-4.89
193503.6,-3.89
193605.1,-4.29
193708.4,-4.09
193810.3,-4.19
193914.1,-5.89
194034.0,-5.39
194150.6,-5.99
194273.1,-5.59
194391.2,-5.39
194507.2,-4.79
194618.6,-5.99
194742.2,-6.89
194876.0,-5.99
195000.2,-6.19
195125.9,-5.99
195249.8,-6.39
195378.4,-5.69
195499.8,-6.69
195631.0,-5.39
195749.8,-6.29
195876.2,-5.69
195996.7,-5.69
196117.2,-5.49
196235.3,-5.19
196351.4,-6.09
196475.7,-4.89
196586.8,-4.39
196694.4,-4.89
196805.3,-4.59
196914.6,-4.89
197026.7,-3.19
197121.5,-3.79
197221.9,-4.69
197331.7,-4.49
197439.6,-4.49
197546.3,-3.39
197645.9,-4.49
197752.3,-3.79
197855.0,-4.29
197959.0,-3.09
198056.2,-4.39
198161.9,-4.19
198267.2,-3.79
198368.8,-3.59
198468.1,-3.49
198566.5,-3.29
198662.9,-2.79
198756.1,-2.99
198850.6,-3.19
198946.4,-3.19
199041.2,-1.89
199127.5,-2.39
199216.6,-2.69
199308.2,-2.49
199398.8,-2.49
199488.7,-2.29
199577.3,-1.79
199661.9,-2.19
199750.4,-2.99
199843.6,-2.19
199932.6,-2.29
200021.4,-1.29
200102.0,-0.69
200179.3,-1.89
200265.0,-2.49
200354.7,-2.09
200442.3,-1.79
200527.6,-1.79
200613.2,-1.99
200699.3,-1.59
200783.9,-2.09
200871.1,-1.79
200956.4,-1.89
201042.6,-2.19
201131.3,-2.29
201220.1,-0.99
201300.1,-1.29
201381.4,-1.49
201465.0,-1.89
201550.2,-1.19
201632.6,-2.09
201720.8,-2.19
201810.1,-2.09
201898.8,-2.09
201986.8,-1.89
202073.7,-1.29
202156.4,-1.79
202241.8,-1.69
202327.3,-1.79
202413.8,-1.89
202499.5,-0.99
202581.1,-2.69
202674.8,-2.19
202764.2,-1.39
202848.1,-1.39
202930.9,-1.29
203013.6,-2.09
203102.2,-2.49
203194.5,-2.49
203287.5,-2.79
203382.5,-2.49
203475.5,-3.49
203577.4,-3.29
203677.5,-3.29
203777.7,-2.79
203873.7,-3.29
203974.0,-3.89
204080.6,-3.69
204185.2,-3.19
204285.8,-4.29
204395.9,-4.49
204508.9,-4.29
204620.2,-3.79
204726.7,-4.89
204843.0,-3.69
204950.2,-4.39
205061.4,-4.39
205174.1,-4.09
205283.3,-3.79
205390.9,-4.79
205506.4,-4.39
205619.1,-3.69
205725.1,-3.99
205833.2,-3.99
205940.5,-2.99
206040.4,-3.59
206144.6,-4.19
206253.8,-3.59
206358.4,-2.99
206457.7,-3.29
206558.2,-2.99
206657.2,-3.09
206756.4,-3.09
206854.7,-2.29
206949.5,-3.59
207051.0,-2.69
207147.7,-2.69
207243.9,-3.09
207343.1,-3.19
207443.5,-2.99
207542.8,-2.89
207640.9,-2.79
207737.3,-2.29
207829.8,-2.09
207920.9,-2.69
208017.1,-2.89
208114.6,-2.39
208209.7,-3.39
208311.2,-2.59
208407.7,-2.59
208502.8,-2.59
208598.5,-2.69
208695.3,-2.89
208793.2,-2.39
208887.9,-2.59
208983.0,-1.49
209069.9,-1.99
209160.2,-1.89
209250.8,-2.49
209344.5,-2.09
209436.0,-2.09
209526.9,-1.79
209616.1,-2.29
209708.4,-2.29
209801.3,-2.39
209894.0,-1.59
209981.7,-1.29
210067.0,-1.89
210156.1,-1.99
210245.7,-1.29
210330.8,-1.29
210415.8,-1.89
210504.8,-1.39
210591.8,-2.09
210682.8,-1.79
210771.5,-0.99
210855.3,-1.99
210943.8,-1.09
211027.8,-1.79
211116.3,-0.89
211199.4,-1.39
211284.0,-1.09
211367.0,-0.69
211446.4,0.21
211521.3,-0.99
211603.4,-1.09
211686.4,-0.79
211767.9,-0.79
211849.8,-1.19
211933.6,-1.29
212019.4,-1.99
212109.6,-1.49
212196.3,-0.69
212277.5,-0.59
212358.2,-1.29
212443.3,-1.79
212532.1,-0.59
212612.8,-0.89
212695.5,-1.59
212782.6,-1.49
212869.9,-0.79
212952.2,-0.99
213035.7,-1.79
213125.4,-1.49
213212.7,-1.19
213298.5,-1.49
213385.2,-0.99
213469.4,-2.19
213562.2,-1.59
213652.0,-2.09
213744.2,-1.99
213836.3,-1.29
213923.5,-1.19
214009.5,-1.39
214096.6,-1.39
214184.2,-1.69
214274.1,-1.29
214360.5,-0.99
214445.8,-1.79
214535.5,-1.29
214623.1,-1.29
214710.6,-1.69
214801.2,-2.09
214895.1,-2.39
214990.6,-1.29
215079.2,-0.79
215162.6,-1.09
215248.7,-1.49
215338.1,-1.79
215430.0,-1.19
215517.4,-1.89
215609.7,-1.39
215699.0,-1.29
215786.9,-1.09
215873.7,-1.19
215961.1,-1.09
216046.9,-0.19
216127.6,-1.39
216215.5,-0.19
216296.5,-0.59
216379.0,-0.39
216460.4,-0.59
216543.3,-0.89
216628.9,-0.89
216714.7,-0.69
216799.5,-1.09
216886.8,-1.19
216975.4,-1.39
217065.6,-1.39
217156.3,-1.59
217248.4,-1.69
217341.9,-2.09
217438.7,-2.39
217537.9,-1.99
217634.5,-1.99
217731.2,-1.89
217827.3,-2.09
217924.9,-2.79
218030.1,-2.49
218132.5,-3.19
218241.1,-3.19
218350.6,-3.09
218459.9,-3.59
218573.0,-3.09
218681.7,-2.59
218786.8,-3.99
218904.3,-3.89
219022.1,-3.69
219138.3,-3.29
219252.0,-4.49
219376.1,-4.89
219506.7,-4.09
219628.8,-4.29
219753.2,-4.69
219880.9,-4.19
220004.3,-4.29
220128.4,-3.89
220247.8,-3.79
220367.7,-4.89
220499.1,-4.29
220624.7,-4.09
220748.0,-4.19
220872.5,-5.19
221008.6,-4.99
221144.1,-5.29
221282.1,-4.69
221414.5,-5.39
221554.2,-5.39
221695.3,-5.89
221842.6,-5.59
221986.5,-5.99
222135.2,-5.79
222282.2,-5.99
222432.4,-6.49
222589.7,-6.09
222743.3,-7.59
222917.7,-7.59
223093.3,-6.29
223250.2,-6.09
223403.8,-6.99
223570.0,-7.09
223739.6,-7.29
223912.0,-7.19
224083.5,-7.39
224257.7,-7.49
224433.8,-7.19
224605.8,-7.59
224782.7,-7.09
224953.6,-7.79
225134.6,-7.39
225310.9,-7.79
225492.0,-7.19
225665.4,-7.69
225845.2,-7.09
226016.6,-7.09
226187.7,-6.99
226356.0,-6.59
226519.9,-6.89
226688.4,-7.19
226858.6,-5.69
227010.0,-5.89
227161.1,-5.49
227307.2,-5.19
227448.3,-4.29
227579.8,-3.89
227707.6,-5.59
227853.0,-4.89
227993.2,-5.49
228139.5,-5.29
228284.0,-4.99
228424.7,-5.89
228577.9,-5.69
228728.6,-6.59
228893.2,-6.69
229059.8,-7.09
229231.2,-6.49
229395.2,-7.09
229568.4,-7.59
229750.2,-7.49
229930.6,-7.69
230113.4,-7.49
230293.9,-7.49
230473.8,-6.89
230643.6,-6.59
230808.1,-5.29
230955.2,-5.69
231104.1,-4.29
231239.8,-6.39
231399.1,-5.99
231555.0,-5.99
231712.0,-7.19
231885.8,-7.19
232061.3,-7.09
232235.2,-7.09
232408.9,-6.99
232580.9,-6.59
232747.2,-6.39
232910.2,-6.19
233070.4,-6.09
233228.6,-5.59
233378.8,-5.79
233532.2,-5.09
233675.6,-5.79
233828.7,-5.59
233979.7,-5.69
234131.8,-5.69
234284.1,-5.39
234432.7,-5.69
234584.2,-5.29
234731.1,-5.49
234879.9,-4.49
235015.4,-4.69
235152.8,-4.59
235289.9,-4.39
235423.9,-4.49
235559.5,-4.69
235696.6,-4.59
235833.1,-4.59
235970.2,-4.29
236103.1,-4.39
236235.8,-3.19
236356.1,-3.69
236480.1,-3.19
236599.5,-3.19
236719.0,-3.29
236839.0,-2.99
236957.4,-3.69
237082.2,-3.39
237203.7,-3.09
237322.2,-2.49
237434.0,-2.19
237543.0,-2.89
237658.0,-2.39
237769.3,-2.69
237882.1,-1.89
237988.5,-2.59
238100.6,-2.19
238210.2,-2.59
238322.8,-2.89
238438.3,-2.39
238549.1,-2.19
238658.0,-1.89
238764.9,-2.69
238878.4,-2.59
238991.6,-2.39
239102.0,-1.79
239207.4,-1.79
239312.7,-2.29
239422.0,-2.69
239536.0,-1.89
239642.6,-2.09
239750.8,-2.09
239857.8,-1.29
239959.1,-1.69
240062.3,-1.29
240163.5,-1.99
240270.4,-2.49
240382.4,-0.99
240481.2,-2.19
240590.1,-2.29
240700.5,-1.99
240807.8,-1.59
240910.4,-0.49
241004.2,-0.29
241096.7,-0.89
241193.2,-1.39
241293.4,-0.69
241389.6,-0.69
241484.9,-0.49
241578.2,-0.79
241674.3,-0.89
241771.8,-0.49
241865.4,0.01
241955.1,-0.19
242046.0,-0.29
242137.1,0.31
242224.3,0.61
242308.5,0.71
242392.1,0.71
242475.5,1.41
242555.0,0.41
242638.7,1.51
242717.4,0.91
242797.8,2.11
242872.1,2.91
242940.3,3.01
243008.1,2.61
243077.5,2.41
243147.7,3.21
243215.4,2.41
243285.8,2.71
243354.9,3.21
243421.9,2.81
243490.4,2.91
243558.9,2.61
243629.0,2.41
243700.7,2.51
243772.2,2.41
243844.6,1.71
243920.3,2.81
243990.6,2.41
244062.4,2.21
244136.1,1.81
244212.9,1.41
244292.4,1.31
244372.8,1.31
244452.6,1.71
244530.6,1.71
244608.0,1.91
244684.8,1.31
244765.5,0.91
244849.3,0.61
244935.5,0.51
245022.6,0.41
245111.8,-0.49
245207.7,-0.89
245308.3,-1.49
245414.3,-1.29
245519.2,-0.99
245621.5,-1.59
245729.0,-1.59
245837.4,-2.19
245951.3,-1.99
246064.2,-2.39
246180.5,-2.59
246299.6,-2.59
246419.3,-3.59
246549.9,-2.89
246674.0,-3.29
246803.6,-4.19
246941.6,-3.49
247073.6,-4.29
247215.7,-4.79
247363.9,-4.99
247516.1,-5.49
247675.1,-6.29
247847.8,-5.99
248016.3,-5.89
248182.5,-5.99
248349.0,-5.09
248503.7,-5.09
248657.5,-5.09
248811.4,-5.39
248969.4,-4.69
249118.7,-4.69
249267.4,-4.69
249416.0,-5.39
249573.6,-4.89
249725.3,-4.99
249879.0,-5.69
250042.5,-5.29
250201.0,-5.39
250360.6,-5.99
250529.2,-5.99
250698.5,-6.49
250875.3,-6.39
251051.7,-6.99
251237.1,-6.29
251413.4,-6.59
251593.6,-6.79
251777.8,-6.49
251957.2,-6.49
252135.9,-6.29
252311.0,-6.19
252486.2,-6.79
252670.1,-7.49
252866.9,-7.59
253066.7,-7.29
253261.7,-7.19
253454.2,-7.39
253649.2,-6.69
253833.5,-7.39
254029.5,-6.89
254218.6,-7.49
254418.3,-7.39
254616.0,-6.69
254801.8,-6.59
254985.1,-6.49
255167.1,-6.19
255345.1,-6.99
255536.0,-7.29
255731.7,-6.79
255919.8,-6.49
256103.4,-6.89
256292.9,-6.89
256483.6,-6.79
256671.9,-7.39
256871.8,-6.99
257065.3,-6.79
257253.8,-6.49
257437.2,-6.19
257615.6,-5.99
257792.7,-6.69
257980.6,-6.19
258160.0,-5.99
258336.8,-7.19
258533.4,-6.29
258716.1,-5.99
258893.7,-6.19
259074.1,-5.89
259248.6,-5.59
259419.5,-5.09
259582.1,-5.69
259755.7,-6.39
259940.6,-6.19
260123.0,-6.49
260311.7,-7.39
260514.8,-6.39
260701.2,-6.29
260885.5,-6.59
261075.2,-6.99
261273.3,-7.39
261479.8,-6.99
261677.9,-7.09
261877.8,-5.69
262053.4,-6.29
262238.3,-5.99
262419.7,-6.49
262609.2,-6.99
262807.8,-7.29
263013.5,-6.89
263210.9,-6.39
263400.4,-6.49
263591.7,-6.79
263788.2,-5.99
263971.1,-6.89
264169.2,-5.99
264351.6,-5.19
264521.2,-5.09
264689.1,-5.09
264858.0,-5.89
265037.5,-5.49
265212.6,-5.79
265392.3,-6.29
265579.9,-5.89
265762.1,-5.69
265940.9,-6.29
266130.2,-6.39
266321.6,-6.49
266513.9,-6.19
266702.0,-6.39
266894.4,-6.99
267097.9,-7.09
267304.9,-7.89
267525.9,-7.69
267743.8,-7.09
267950.9,-6.59
268149.2,-7.29
268359.2,-7.59
268576.0,-7.69
268795.4,-7.79
269017.5,-7.19
269227.3,-7.39
269441.0,-7.39
269654.4,-7.49
269869.3,-7.49
270085.2,-7.79
270307.5,-7.59
270525.9,-7.89
270750.7,-8.09
270978.9,-7.49
271195.5,-8.19
271426.7,-7.49
271643.2,-7.39
271858.0,-7.89
272084.2,-8.49
272323.5,-8.09
272554.6,-8.09
272784.5,-8.29
273020.4,-8.29
273256.0,-8.19
273489.8,-8.39
273727.0,-8.09
273957.5,-8.29
274193.5,-8.29
274429.7,-7.99
274659.3,-8.19
274892.9,-8.09
275124.4,-8.09
275357.4,-8.09
275588.9,-7.59
275811.3,-7.99
276041.2,-7.59
276264.2,-7.99
276494.7,-8.09
276727.3,-7.39
276943.8,-6.99
277153.6,-7.19
277368.4,-7.69
277592.8,-8.09
277826.2,-7.49
278047.8,-8.09
278281.0,-8.49
278524.6,-7.39
278743.0,-6.89
278952.5,-6.89
279162.2,-7.39
279382.2,-7.59
279607.1,-8.49
279849.0,-7.09
280064.4,-7.19
280281.9,-7.79
280510.2,-7.29
280730.1,-7.19
280947.3,-6.49
281151.2,-5.99
281345.4,-5.79
281534.0,-4.59
281705.8,-5.79
281895.9,-6.29
282095.4,-5.69
282285.0,-6.09
282480.8,-7.09
282695.7,-6.59
282902.3,-5.79
283095.4,-5.99
283290.3,-5.99
283485.4,-5.59
283674.1,-5.79
283866.1,-5.39
284052.1,-5.59
284239.9,-5.19
284422.2,-5.19
284604.7,-5.09
284785.2,-4.89
284963.3,-5.49
285149.9,-5.19
285333.2,-4.99
285511.9,-4.89
285690.2,-5.09
285871.2,-4.99
286051.2,-4.89
286229.7,-5.89
286425.9,-4.49
286599.0,-4.89
286777.8,-4.69
286954.4,-4.99
287135.3,-4.39
287306.4,-4.49
287478.7,-4.09
287645.6,-4.29
287815.0,-4.79
287992.6,-4.09
288160.1,-4.59
288334.1,-4.59
288509.2,-4.19
288679.1,-4.09
288847.1,-4.09
289014.2,-3.79
289177.3,-3.19
289331.9,-3.49
289491.4,-4.19
289661.4,-4.29
289833.2,-3.49
289994.3,-4.49
290167.9,-3.59
290329.8,-3.99
290497.8,-3.99
290665.6,-3.69
290828.6,-3.19
290984.6,-2.69
291133.6,-2.99
291286.8,-2.99
291440.8,-3.49
291601.8,-3.69
291766.2,-3.29
291924.7,-3.49
292086.8,-3.59
292251.3,-4.39
292428.6,-4.79
292614.3,-4.89
292801.7,-4.49
292983.0,-4.79
293169.6,-5.29
293364.9,-5.79
293569.9,-5.39
293768.2,-5.59
293970.3,-5.19
294166.8,-6.09
294378.9,-5.79
294587.4,-6.89
294816.8,-6.69
295043.1,-6.29
295260.4,-5.49
295464.9,-6.59
295690.8,-6.69
295920.2,-6.89
296152.2,-6.69
296382.2,-6.09
296598.3,-6.29
296819.0,-5.79
297030.2,-5.29
297230.8,-4.09
297410.2,-4.79
297601.4,-5.09
297799.3,-5.49
298005.1,-5.89
298219.1,-6.29
298442.4,-6.49
298670.3,-6.09
298890.0,-5.39
299097.0,-6.99
299334.2,-6.79
299569.0,-6.29
299794.0,-5.99
300012.7,-5.79
300228.6,-5.69
300441.7,-5.49
300652.3,-5.79
300867.8,-5.69
301082.6,-5.19
301286.3,-4.99
301487.8,-4.69
301683.8,-4.29
301871.9,-5.09
302075.4,-5.49
302287.6,-5.69
302506.0,-6.29
302736.1,-5.89
302958.4,-6.29
303188.3,-6.29
303419.5,-6.19
303648.7,-5.19
303858.4,-5.39
304072.6,-5.59
304290.5,-5.29
304503.3,-4.89
304707.9,-4.49
304905.4,-4.99
305112.0,-4.29
305307.4,-4.69
305506.8,-3.69
305692.4,-4.59
305892.0,-4.39
306089.4,-4.29
306284.0,-4.49
306482.8,-3.89
306670.9,-3.19
306847.2,-3.49
307027.8,-3.79
307215.3,-4.69
307418.1,-4.49
307619.2,-4.69
307824.1,-4.29
308021.7,-4.79
308229.3,-5.89
308460.9,-6.59
308705.6,-5.69
308932.8,-6.09
309168.2,-5.89
309399.0,-5.69
309626.5,-5.29
309845.8,-4.89
310057.0,-5.49
310278.8,-5.09
310493.8,-4.79
310703.4,-5.09
310918.0,-5.19
311136.4,-5.69
311365.1,-4.79
311576.2,-5.19
311793.5,-4.79
312004.9,-5.39
312226.8,-4.59
312433.9,-4.39
312636.7,-4.49
312841.3,-4.49
313047.2,-4.99
313260.4,-4.09
313459.0,-4.59
313664.7,-3.89
313859.8,-4.29
314060.4,-4.59
314267.2,-3.59
314455.8,-3.59
314643.8,-3.99
314837.4,-2.99
315016.0,-3.49
315200.3,-2.39
315370.1,-3.39
315553.7,-3.09
315732.7,-2.79
315908.0,-3.29
316089.9,-2.79
316265.3,-2.49
316434.2,-2.09
316598.2,-3.29
316779.5,-3.49
316964.9,-1.89
317126.8,-2.29
317291.8,-1.69
317449.1,-1.29
317599.6,-0.69
317744.8,-2.39
317910.9,-2.69
318083.2,-2.59
318255.7,-2.79
318430.7,-2.89
318607.8,-3.29
318790.8,-3.19
318972.2,-3.39
319157.2,-2.99
319337.0,-3.39
319521.8,-3.99
319718.2,-4.19
319919.1,-5.09
320137.3,-4.39
320342.3,-4.29
320544.2,-4.29
320745.7,-4.29
320948.8,-4.29
321151.3,-3.99
321347.2,-3.79
321539.9,-4.19
321739.2,-3.39
321924.8,-3.09
322105.3,-2.99
322283.5,-3.09
322462.5,-2.09
322627.0,-2.99
322803.4,-2.39
322972.6,-2.49
323142.2,-2.29
323309.0,-1.99
323471.2,-1.99
323632.8,-1.49
323786.5,-1.69
323942.7,-1.99
324103.2,-1.39
324255.4,-1.29
324405.8,-1.09
324553.5,-0.89
324699.8,-1.59
324852.7,-0.59
324995.3,-0.99
325141.0,-0.49
325281.2,-0.09
325415.1,-0.09
325549.8,-0.39
325688.4,-0.79
325831.1,-0.39
325969.1,-0.49
326107.8,-0.29
326244.5,0.01
326378.2,-0.09
326512.6,0.21
326642.8,0.61
326768.5,0.51
326894.7,1.11
327015.8,0.41
327144.1,0.41
327273.1,0.21
327404.0,0.41
327533.1,0.81
327658.1,0.31
327787.6,0.31
327917.9,0.61
328045.7,0.31
328175.9,0.61
328302.5,1.11
328424.2,1.41
328543.1,0.61
328669.0,0.91
328793.0,0.61
328920.8,0.71
329048.2,0.51
329177.1,1.31
329297.2,1.21
329417.7,1.01
329541.2,0.91
329666.3,0.31
329798.4,0.11
329932.9,0.71
330061.5,0.01
330196.8,0.41
330328.4,0.71
330456.6,0.41
330587.5,0.81
330714.5,0.81
330841.1,0.91
330966.6,1.01
331092.7,0.11
331227.5,0.71
331356.4,0.31
331489.3,0.41
331622.4,-0.29
331764.4,-0.09
331903.7,-0.09
332042.6,0.31
332177.7,0.31
332311.7,1.41
332434.2,1.51
332555.5,0.81
332682.2,2.11
332796.1,1.71
332912.3,2.51
333022.2,2.61
333130.4,3.01
333234.5,3.51
333334.9,2.81
333441.1,2.81
333547.0,3.51
333647.8,3.51
333747.3,3.81
333844.4,4.11
333939.6,3.71
334037.8,3.21
334140.5,3.31
334242.8,3.21
334346.4,3.11
334449.2,4.21
334544.8,4.21
334639.5,3.51
334739.4,3.51
334840.6,2.91
334946.4,3.41
335049.5,3.41
335152.6,2.61
335263.0,1.91
335380.9,2.41
335494.6,2.01
335611.7,2.21
335727.9,1.21
335855.0,1.71
335977.8,0.61
336113.3,0.41
336251.7,0.31
336392.2,-0.19
336538.7,-0.19
336687.2,-0.99
336846.2,-1.29
337009.8,-1.19
337173.3,-1.49
337341.6,-1.79
337515.2,-1.99
337692.6,-1.99
337870.2,-2.09
338050.4,-2.49
338237.5,-2.99
338433.5,-3.09
338632.7,-3.59
338841.5,-4.09
339060.1,-4.69
339291.3,-4.49
339519.8,-4.89
339758.1,-5.19
340003.0,-5.69
340259.4,-5.79
340519.3,-6.19
340790.8,-6.59
341072.3,-7.19
341372.5,-8.09
341699.0,-8.39
342036.3,-7.89
342358.9,-8.19
342690.5,-8.69
343039.5,-7.59
343354.6,-8.49
343694.8,-7.29
344002.6,-7.99
344329.2,-7.59
344645.4,-7.99
344974.1,-7.79
345297.2,-7.49
345612.2,-7.69
345931.4,-7.29
346239.6,-7.39
346552.7,-7.89
346879.3,-6.99
347180.5,-7.49
347495.2,-7.49
347810.4,-6.39
348097.9,-7.09
348403.8,-7.69
348728.5,-7.59
349049.3,-6.99
349351.4,-5.39
349613.9,-6.69
349908.1,-6.19
350190.2,-6.29
350473.8,-6.39
350761.0,-7.09
351068.0,-6.59
351362.4,-6.79
351663.0,-6.89
351965.7,-6.89
352268.3,-6.69
352567.2,-6.79
352870.1,-6.79
353171.6,-6.79
353475.1,-6.69
353774.2,-6.39
354065.4,-6.49
354359.9,-6.29
354650.8,-7.19
354968.9,-7.69
355303.1,-7.89
355644.1,-7.99
355989.8,-7.89
356331.6,-7.79
356672.6,-7.49
357003.4,-7.59
357336.1,-7.79
357676.5,-7.69
358015.3,-7.89
358362.3,-7.89
358708.5,-8.19
359064.3,-7.69
359404.8,-7.69
359747.3,-7.69
360090.3,-7.09
360417.0,-7.59
360758.9,-7.09
361086.4,-7.69
361434.0,-6.69
361752.2,-7.49
362094.3,-6.79
362416.9,-6.49
362728.9,-6.99
363056.6,-7.29
363393.2,-6.09
363697.2,-6.19
364004.2,-6.19
364311.0,-6.59
364631.1,-6.29
364942.1,-6.49
365262.1,-7.29
365607.6,-7.29
365952.1,-6.39
366272.1,-6.39
366589.4,-6.69
366916.5,-6.59
367243.9,-6.49
367569.6,-6.89
367906.4,-6.59
368234.3,-6.29
368555.2,-6.19
368872.5,-6.39
369195.0,-6.49
369523.3,-7.39
369881.3,-6.89
370224.8,-6.49
370555.0,-6.49
370884.4,-5.89
371196.6,-6.19
371516.8,-6.19
371837.7,-5.29
372134.1,-5.59
372439.4,-5.59
372744.4,-5.49
373047.8,-5.59
373352.8,-5.19
373648.8,-4.79
373933.8,-4.09
374200.1,-4.49
374477.3,-4.99
374769.0,-5.29
375068.6,-5.59
375378.2,-5.99
375701.4,-7.09
376058.3,-6.89
376412.1,-6.79
376762.2,-6.59
377105.8,-6.39
377444.0,-6.39
377781.2,-6.19
378111.8,-5.59
378426.7,-5.89
378747.6,-5.49
379059.8,-5.69
379376.7,-5.19
379678.8,-6.09
380007.0,-5.59
380321.2,-5.19
380622.9,-4.99
380921.1,-4.99
381218.0,-4.69
381506.0,-4.09
381780.8,-4.19
382057.2,-4.49
382341.3,-4.29
382619.4,-4.19
382894.3,-3.69
383157.7,-3.79
383424.2,-3.89
383692.8,-3.79
383959.8,-4.79
384251.7,-4.49
384538.0,-4.39
384820.7,-5.19
385127.3,-5.09
385430.7,-5.39
385741.9,-4.89
386041.9,-4.69
386334.7,-4.49
386622.1,-3.69
386888.8,-4.19
387168.5,-4.29
387449.8,-3.69
387716.3,-3.49
387976.7,-3.39
388235.1,-2.69
388476.9,-3.29
388733.3,-3.89
389004.9,-4.19
389284.5,-4.79
389581.6,-4.79
389880.9,-5.49
390199.1,-5.39
390515.6,-6.19
390858.7,-6.09
391196.2,-5.39
391514.6,-5.59
391838.4,-4.99
392144.5,-4.39
392432.8,-4.49
392723.0,-4.69
393020.6,-4.49
393311.8,-4.49
393602.0,-4.09
393883.2,-3.89
394158.5,-3.59
394425.5,-3.29
394684.2,-3.29
394942.7,-2.79
395189.5,-2.59
395432.5,-2.39
395670.5,-2.49
395909.9,-2.09
396141.2,-2.39
396378.8,-2.19
396611.8,-1.19
396825.5,-1.09
397036.4,-1.89
397261.7,-1.49
397480.1,-1.39
397696.4,-1.09
397907.7,-1.09
398118.3,-0.59
398319.3,-0.69
398520.9,-0.49
398719.2,-0.49
398918.0,0.01
399107.3,-0.49
399304.8,-0.49
399504.1,-1.19
399716.3,-0.89
399922.2,0.11
400109.0,0.01
400297.2,0.31
400481.3,-0.39
400677.9,-0.09
400868.0,0.01
401057.7,0.11
401244.4,0.31
401427.6,0.81
401602.4,1.21
401771.0,0.81
401946.8,0.41
402127.6,0.61
402305.3,1.41
402471.4,1.21
402639.0,1.21
402806.7,1.21
402975.2,1.21
403142.9,1.81
403303.2,1.11
403472.1,1.41
403636.8,1.71
403796.3,1.81
403954.1,2.21
404107.1,1.71
404266.0,1.91
404423.4,1.61
404584.6,1.81
404743.2,1.71
404904.3,1.31
405070.9,2.01
405226.7,1.71
405387.2,1.51
405551.0,1.41
405716.3,1.91
405875.4,1.61
406038.6,2.11
406195.0,2.11
406349.7,2.31
406502.3,2.41
406654.8,1.91
406813.8,1.51
406979.5,2.11
407135.9,1.81
407296.1,2.71
407445.3,2.61
407596.0,1.71
407756.8,2.81
407906.1,1.81
408066.9,2.21
408223.5,2.41
408376.5,1.91
408537.4,1.81
408701.0,1.61
408867.5,1.91
409029.4,2.31
409184.7,2.31
409340.4,1.81
409503.4,2.21
409661.9,2.01
409822.1,1.81
409987.0,1.41
410156.7,1.81
410322.0,1.51
410491.8,1.41
410662.6,1.61
410831.9,1.21
411006.4,1.31
411179.9,1.31
411352.7,1.71
411521.0,1.31
411696.5,0.51
411884.5,0.41
412074.5,0.61
412262.4,0.51
412451.4,0.31
412643.3,1.21
412821.9,0.61
413010.4,0.51
413200.3,0.81
413386.8,0.61
413575.8,0.01
413777.6,0.31
413973.0,0.51
414165.7,0.21
414363.0,0.21
414561.0,0.71
414751.3,0.41
414946.0,0.41
415141.5,0.21
415340.5,0.81
415531.0,0.51
415726.4,0.81
415915.5,1.01
416102.7,0.61
416297.2,0.61
416493.0,0.91
416684.5,0.31
416885.0,0.31
417087.6,0.01
417294.1,1.11
417483.3,0.11
417689.9,0.01
417898.8,0.31
418104.0,-0.19
418318.7,-0.09
418531.0,0.11
418739.8,-0.19
418954.2,-0.29
419172.1,-0.89
419403.1,-0.69
419631.8,-1.19
419871.1,-1.29
420113.6,-0.89
420347.8,-0.79
420579.0,-1.29
420823.0,-1.59
421073.6,-0.99
421311.4,-1.29
421555.2,-0.29
421777.9,0.81
421978.2,1.01
422174.0,0.61
422377.8,0.21
422590.0,-0.39
422815.6,-0.39
423042.6,-1.29
423289.2,-2.19
423556.6,-1.39
423808.2,-1.99
424073.5,-2.59
424355.3,-3.79
424669.3,-3.69
424983.0,-4.89
425333.2,-3.89
425655.8,-5.59
426033.1,-5.79
426419.4,-6.59
426836.5,-7.09
427275.1,-7.19
427718.7,-7.49
428178.3,-7.19
428622.6,-7.39
429075.4,-7.09
429517.0,-6.19
429923.5,-7.19
430368.7,-7.49
430827.8,-6.99
431268.0,-7.69
431737.2,-6.79
432167.7,-7.09
432613.2,-7.69
433086.2,-7.99
433573.5,-7.49
434035.8,-7.29
434491.8,-7.49
434955.5,-7.39
435416.3,-6.99
435856.8,-7.19
436307.9,-7.19
436759.6,-6.79
437192.4,-6.09
437600.3,-6.79
438034.9,-6.49
438457.7,-6.49
438880.6,-6.69
439311.9,-6.49
439736.0,-5.19
440110.5,-5.29
440490.3,-5.59
440879.1,-6.59
441308.0,-6.29
441725.8,-6.29
442143.1,-6.59
442576.1,-6.89
443021.2,-5.69
443418.0,-6.09
443829.2,-6.89
444274.3,-6.19
444693.2,-6.19
445109.6,-5.79
445512.8,-5.99
445923.3,-6.39
446350.7,-7.19
446813.5,-7.89
447310.2,-7.69
447799.2,-8.09
448307.7,-7.79
448803.7,-7.49
449285.9,-7.39
449763.0,-7.29
450236.8,-6.49
450677.7,-6.19
451106.5,-6.69
451556.1,-6.49
451998.1,-7.39
452479.9,-7.59
452972.0,-7.69
453468.0,-7.39
453950.9,-7.19
454429.0,-7.89
454937.2,-6.79
455397.5,-5.69
455814.0,-6.49
456261.0,-5.59
456671.2,-4.49
457039.8,-4.19
457395.4,-3.19
457722.4,-3.89
458072.4,-4.79
458454.6,-5.49
458863.1,-6.39
459306.1,-5.99
459735.4,-5.09
460130.4,-4.49
460500.8,-3.99
460855.0,-3.59
461195.6,-3.39
461528.8,-4.09
461885.5,-4.59
462262.7,-5.39
462669.2,-5.19
463067.4,-4.59
463444.8,-4.39
463815.6,-4.29
464180.3,-4.59
464557.8,-4.09
464915.9,-3.89
465267.0,-3.49
465606.7,-3.69
465951.9,-3.29
466284.8,-3.29
466618.1,-2.89
466939.4,-3.09
467265.8,-2.99
467589.5,-2.89
467911.8,-2.99
468235.0,-2.79
468551.7,-2.29
468855.5,-2.29
469158.2,-2.09
469455.4,-1.89
469748.2,-2.09
470043.8,-0.89
470310.4,-1.99
470604.2,-1.89
470896.1,-1.69
471184.2,-1.79
471473.9,-1.89
471767.5,-2.29
472071.6,-2.39
472380.2,-2.69
472698.1,-2.69
473016.3,-2.89
473339.9,-2.89
473664.0,-2.89
473989.2,-2.69
474308.6,-3.29
474646.5,-2.89
474973.0,-3.19
475309.3,-3.19
475646.3,-3.19
475983.6,-2.99
476314.6,-3.09
476651.2,-3.19
476989.5,-3.29
477333.8,-2.99
477668.9,-3.29
478014.0,-3.19
478355.4,-3.29
478700.2,-3.09
479040.7,-3.09
479379.8,-3.59
479738.6,-3.59
480096.8,-3.59
480457.8,-3.69
480822.7,-3.79
481189.7,-4.09
481569.2,-3.49
481927.3,-3.69
482295.0,-3.79
482663.5,-3.69
483029.7,-3.49
483390.8,-3.79
483760.5,-3.29
484116.0,-3.69
484485.3,-4.29
484878.7,-4.59
485283.7,-4.49
485685.4,-4.19
486076.3,-3.99
486459.1,-3.89
486839.8,-3.79
487216.6,-3.79
487595.2,-4.19
487987.2,-5.29
488423.1,-5.19
488858.0,-4.99
489285.2,-5.09
489715.5,-4.89
490137.9,-4.99
490566.2,-5.09
490999.4,-5.19
491436.7,-5.19
491877.0,-4.99
492309.1,-4.89
492738.8,-4.89
493168.6,-4.99
493604.7,-4.79
494032.7,-4.19
494437.4,-4.29
494846.1,-4.49
495262.0,-4.39
495678.2,-3.89
496075.1,-3.49
496458.6,-3.49
496841.0,-3.89
497240.8,-3.79
497635.8,-3.79
498030.3,-2.99
498397.5,-3.49
498782.2,-2.89
499148.4,-2.99
499519.1,-2.89
499886.3,-2.89
500252.9,-2.69
500613.0,-2.89
500981.3,-2.79
501347.5,-2.69
501710.4,-2.89
502078.4,-2.49
502435.7,-3.29
502821.5,-2.79
503188.8,-2.79
503558.3,-2.79
503925.8,-2.89
504301.0,-4.19
504722.6,-3.89
505134.3,-3.89
505548.3,-3.59
505951.2,-3.79
506361.6,-3.69
506769.3,-4.19
507197.5,-3.59
507603.4,-3.59
508010.4,-4.19
508438.4,-4.09
508864.3,-3.99
509288.3,-3.59
509697.8,-4.19
510128.1,-3.79
510542.7,-3.49
510946.5,-3.29
511343.8,-3.59
511752.3,-3.59
512163.8,-4.29
512602.6,-4.49
513053.0,-5.09
513531.2,-5.79
514044.2,-6.39
514586.3,-6.19
515118.9,-6.79
515683.0,-6.49
516235.5,-6.79
516800.9,-6.29
517343.1,-6.29
517882.8,-5.69
518395.2,-5.99
518924.4,-5.79
519443.3,-5.89
519965.0,-5.79
520484.3,-5.69
521002.1,-6.59
521561.9,-6.79
522136.2,-6.59
522700.1,-6.49
523259.5,-6.49
523818.2,-6.49
524377.0,-6.39
524928.2,-6.19
525470.9,-6.29
526021.5,-6.49
526578.2,-6.79
527152.1,-6.79
527728.8,-6.99
528319.4,-7.09
528915.6,-6.89
529498.1,-5.99
530031.2,-5.89
530561.5,-6.09
531102.9,-6.09
531643.4,-5.79
532166.4,-5.09
532654.4,-4.59
533119.1,-4.89
533601.1,-5.49
534109.6,-5.49
534616.9,-6.19
535157.3,-5.39
535662.9,-5.49
536169.1,-4.59
536634.6,-4.29
537087.4,-3.79
537519.4,-3.79
537948.4,-2.99
538348.8,-2.59
538732.4,-2.09
539100.3,-2.39
539476.2,-2.59
539864.1,-3.69
540293.8,-3.39
540711.8,-3.59
541141.1,-4.29
541597.1,-3.99
542043.6,-4.49
542512.6,-4.49
542985.5,-5.09
543483.8,-5.19
543992.4,-6.09
544542.8,-5.89
545085.1,-5.39
545603.4,-4.69
546087.9,-4.79
546576.1,-4.59
547057.8,-4.49
547535.0,-4.49
548012.1,-4.09
548475.5,-3.99
548933.4,-4.19
549399.2,-3.59
549842.5,-3.59
550284.1,-3.29
550715.7,-3.29
551146.8,-2.99
551569.6,-2.99
551990.9,-2.69
552403.6,-2.89
552823.1,-2.49
553228.2,-2.59
553637.1,-2.29
554036.6,-2.39
554440.2,-1.89
554827.4,-1.39
555196.0,-1.79
555578.2,-1.79
555962.6,-1.99
556352.6,-1.99
556745.1,-1.79
557131.2,-1.39
557501.6,-1.59
557878.6,-1.59
558256.6,-1.69
558636.2,-1.59
559013.1,-1.79
559397.4,-1.39
559768.2,-1.59
560146.9,-1.19
560510.2,-0.99
560866.7,-1.49
561238.6,-1.69
561619.2,-1.19
561982.6,-1.29
562349.1,-1.19
562709.9,-1.39
563077.5,-1.29
563442.6,-1.59
563816.3,-1.29
564180.1,-0.89
564529.9,-1.29
564892.3,-1.19
565253.1,-1.39
565620.8,-1.29
565983.1,-1.29
566345.4,-1.39
566711.8,-1.29
567073.8,-1.19
567433.7,-1.29
567796.2,-1.19
568157.3,-1.19
568516.8,-1.19
568878.4,-1.49
569249.4,-1.29
569615.2,-1.59
569990.9,-1.59
570369.7,-1.19
570734.1,-1.29
571102.1,-1.09
571464.5,-1.89
571855.1,-1.39
572227.8,-1.09
572590.4,-0.99
572951.8,-1.49
573328.4,-0.99
573689.3,-1.09
574053.9,-0.89
574411.9,-0.89
574770.0,-1.09
575133.4,-0.69
575484.6,-0.89
575841.6,-1.19
576209.2,-1.39
576585.3,-1.49
576966.4,-1.49
577344.9,-1.59
577730.5,-1.59
578114.4,-1.49
578494.9,-1.49
578876.7,-1.89
579275.0,-1.19
579645.5,-1.09
580013.4,-1.29
580389.4,-0.89
580753.2,-0.39
581102.1,-0.59
581455.4,-0.59
581809.1,-0.49
582160.9,-0.59
582515.4,-0.49
582866.8,-0.79
583231.1,-1.29
583614.2,-2.29
584037.4,-2.09
584452.9,-2.69
584894.1,-3.29
585363.9,-3.39
585840.4,-3.99
586344.7,-4.89
586892.0,-5.29
587464.7,-5.89
588073.1,-6.09
588693.5,-5.09
589260.4,-4.99
589820.4,-5.39
590400.4,-4.69
590951.9,-5.99
591573.4,-5.79
592185.2,-5.39
592776.2,-4.49
593317.5,-3.89
593832.2,-3.59
594331.2,-2.79
594794.5,-2.79
595259.6,-4.19
595790.6,-4.99
596366.4,-4.79
596932.3,-4.09
597465.9,-4.09
597999.7,-3.49
598504.1,-3.69
599017.2,-3.09
599503.7,-3.49
600011.2,-4.39
600564.4,-5.09
601161.4,-6.09
601818.6,-5.39
602432.1,-4.69
603008.1,-4.59
603580.1,-4.59
604147.6,-3.49
604661.8,-3.89
605194.4,-4.09
605740.6,-3.89
606275.5,-3.89
606813.1,-3.59
607337.1,-3.19
607842.4,-3.19
608346.3,-3.09
608843.1,-2.19
609299.1,-1.89
609744.0,-1.79
610184.4,-1.49
610613.9,-1.19
611028.4,-0.89
611431.6,-0.69
611827.1,-1.19
612243.8,-0.99
612654.8,-1.09
613066.2,-0.49
613455.2,-0.69
613853.9,-0.69
614252.3,-0.89
614659.4,-0.59
615054.2,-0.89
615459.4,-0.99
615871.2,-1.49
616302.1,-1.79
616745.4,-1.29
617168.5,-1.69
617606.0,-1.09
618022.2,-1.39
618448.1,-1.29
618872.5,-1.39
619303.1,-1.79
619748.7,-2.09
620206.8,-1.89
620655.1,-1.89
621103.4,-1.29
621531.1,-2.29
622000.2,-3.49
622525.8,-4.59
623113.0,-6.19
623798.6,-7.49
624580.4,-7.79
625382.0,-7.89
626193.9,-7.19
626955.2,-7.89
627765.2,-7.89
628577.9,-7.39
629351.1,-7.69
630147.3,-7.89
630958.1,-7.89
631770.8,-7.09
632524.4,-6.19
633217.7,-6.39
633921.5,-6.49
634635.2,-6.49
635352.1,-6.09
636044.1,-5.89
636722.0,-6.49
637441.4,-6.29
638149.0,-6.69
638886.8,-6.79
639629.6,-6.29
640339.1,-5.69
641009.2,-5.49
641667.1,-5.79
642343.6,-6.49
643069.6,-6.99
643828.7,-6.99
644591.4,-7.59
645400.1,-7.29
646182.4,-6.39
646902.1,-6.79
647648.6,-7.39
648439.1,-7.89
649270.6,-7.99
650111.0,-7.99
650945.4,-7.89
651775.8,-7.29
652557.6,-6.49
653281.6,-5.69
653945.6,-6.09
654636.9,-5.89
655317.8,-6.69
656053.2,-6.79
656794.2,-6.99
657549.8,-6.69
658288.5,-6.49
659015.4,-6.39
659732.6,-5.69
660406.7,-5.69
661078.2,-4.79
661691.4,-4.89
662312.1,-5.49
662970.2,-6.29
663683.4,-5.89
664369.8,-5.09
665007.9,-3.89
665577.2,-4.49
666181.3,-5.09
666826.1,-5.59
667504.8,-6.19
668222.7,-6.49
668965.3,-6.19
669684.1,-5.79
670375.8,-4.89
671010.9,-4.49
671626.7,-4.69
672252.8,-4.79
672886.9,-4.59
673508.8,-4.19
674109.0,-4.19
674705.6,-3.89
675288.2,-3.79
675869.5,-3.89
676454.2,-3.49
677022.9,-3.49
677587.5,-3.59
678157.6,-3.09
678706.2,-3.09
679253.9,-3.09
679802.6,-3.09
680352.8,-3.29
680915.7,-2.89
681462.5,-2.79
682000.6,-2.69
682535.8,-2.79
683079.8,-2.19
683594.1,-2.09
684101.6,-2.29
684621.1,-2.39
685145.4,-1.79
685644.8,-2.09
686155.3,-1.69
686649.6,-1.09
687114.8,-1.39
687595.1,-1.79
688093.3,-1.39
688572.1,-1.59
689062.2,-1.59
689551.9,-1.39
690032.0,-1.49
690515.4,-1.49
690996.3,-1.29
691469.6,-1.19
691937.0,-1.49
692414.2,-1.59
692894.3,-1.39
693365.3,-1.49
693839.4,-1.59
694317.1,-1.49
694792.0,-1.59
695269.4,-1.89
695761.8,-2.19
696267.5,-2.09
696770.4,-2.39
697285.6,-2.09
697786.1,-1.89
698280.3,-1.79
698767.7,-1.39
699237.8,-1.59
699719.5,-1.99
700219.0,-2.09
700722.9,-1.89
701220.8,-1.99
701723.2,-2.29
702241.4,-2.59
702773.1,-2.69
703312.6,-2.69
703852.8,-2.89
704405.8,-3.19
704973.4,-3.09
705538.7,-3.09
706101.8,-2.99
706659.1,-2.89
707213.8,-3.39
707796.8,-3.29
708373.6,-3.49
708960.2,-3.39
709543.8,-3.49
710130.1,-3.59
710723.2,-3.99
711340.7,-3.19
711915.1,-3.29
712495.1,-3.49
713087.1,-4.49
713735.3,-4.29
714373.6,-4.49
715025.3,-5.69
715756.0,-4.49
716410.1,-6.09
717172.3,-6.29
717953.6,-7.09
718791.0,-4.79
719466.6,-4.89
720147.4,-5.99
720904.2,-4.99
721590.3,-4.29
722234.1,-5.39
722946.6,-5.19
723651.1,-5.29
724362.2,-5.09
725060.0,-4.99
725748.9,-4.59
726410.6,-4.59
727076.2,-5.49
727804.0,-5.39
728524.8,-4.19
729163.5,-3.59
729769.4,-3.59
730376.1,-3.19
730962.5,-3.99
731589.6,-3.69
732201.8,-3.39
732800.9,-4.29
733450.4,-2.99
734027.6,-3.79
734650.8,-4.39
735307.6,-3.89
735935.8,-4.49
736603.1,-4.89
737299.4,-6.19
738083.7,-6.69
738913.9,-7.29
739788.8,-7.39
740672.8,-7.49
741564.7,-7.39
742455.4,-7.59
743359.9,-7.99
744298.2,-7.89
745227.4,-7.69
746137.8,-7.39
747022.4,-7.49
747919.1,-7.59
748821.2,-7.19
749695.2,-7.49
750591.2,-7.59
751492.5,-7.39
752383.6,-7.39
753271.9,-7.29
754148.2,-7.39
755039.3,-7.49
755937.5,-7.49
756837.2,-7.39
757723.9,-7.39
758608.2,-7.29
759484.1,-7.09
760349.0,-6.79
761191.4,-6.59
762014.5,-6.29
762813.4,-5.39
763542.4,-4.49
764213.3,-3.99
764851.2,-4.49
765520.0,-4.79
766215.2,-5.09
766927.0,-5.29
767658.0,-6.19
768453.0,-6.39
769265.5,-6.19
770063.6,-5.79
770827.0,-4.99
771531.9,-4.39
772200.1,-4.09
772851.0,-3.89
773489.3,-4.29
774152.1,-4.69
774841.4,-5.49
775584.8,-5.79
776349.4,-5.39
777088.8,-4.79
777785.6,-4.09
778434.8,-3.39
779044.7,-3.09
779634.2,-3.59
780253.6,-3.89
780893.6,-4.19
781550.8,-3.99
782193.2,-3.49
782809.1,-3.19
783404.2,-2.59
783970.2,-2.39
784521.7,-2.39
785073.8,-2.39
785625.0,-1.99
786158.7,-1.89
786684.0,-1.79
787207.4,-1.89
787732.1,-2.09
788266.9,-1.89
788795.9,-1.49
789303.2,-1.69
789819.2,-1.39
790320.5,-1.29
790817.8,-0.69
791288.1,-0.59
791752.5,-0.49
792214.4,0.01
792652.8,-0.39
793109.2,-1.09
793599.1,-1.69
794117.0,-1.89
794644.6,-2.29
795195.6,-2.89
795777.1,-3.39
796391.3,-4.19
797050.9,-4.69
797744.7,-4.89
798456.8,-5.49
799211.9,-6.29
800028.2,-7.19
800918.2,-7.49
801833.2,-7.79
802779.6,-7.79
803718.9,-7.79
804662.5,-7.39
805574.1,-7.79
806515.2,-7.69
807447.6,-8.09
808416.7,-7.69
809348.4,-6.69
810202.4,-7.09
811085.2,-6.89
811949.6,-6.49
812783.5,-6.39
813607.6,-6.29
814422.8,-6.19
815229.1,-6.19
816037.8,-6.49
816871.6,-6.39
817693.6,-6.19
818505.5,-6.09
819303.1,-5.99
820093.9,-5.99
