Year(BP),Temperature Anomoly
820093.9,-5.99
819303.1,-5.99
818505.5,-6.09
817693.6,-6.19
816871.6,-6.39
816037.8,-6.49
815229.1,-6.19
814422.8,-6.19
813607.6,-6.29
812783.5,-6.39
811949.6,-6.49
811085.2,-6.89
810202.4,-7.09
809348.4,-6.69
808416.7,-7.69
807447.6,-8.09
806515.2,-7.69
805574.1,-7.79
804662.5,-7.39
803718.9,-7.79
802779.6,-7.79
801833.2,-7.79
800918.2,-7.49
800028.2,-7.19
799211.9,-6.29
798456.8,-5.49
797744.7,-4.89
797050.9,-4.69
796391.3,-4.19
795777.1,-3.39
795195.6,-2.89
794644.6,-2.29
794117,-1.89
793599.1,-1.69
793109.2,-1.09
792652.8,-0.39
792214.4,0.01
791752.5,-0.49
791288.1,-0.59
790817.8,-0.69
790320.5,-1.29
789819.2,-1.39
789303.2,-1.69
788795.9,-1.49
788266.9,-1.89
787732.1,-2.09
787207.4,-1.89
786684,-1.79
786158.7,-1.89
785625,-1.99
785073.8,-2.39
784521.7,-2.39
783970.2,-2.39
783404.2,-2.59
782809.1,-3.19
782193.2,-3.49
781550.8,-3.99
780893.6,-4.19
780253.6,-3.89
779634.2,-3.59
779044.7,-3.09
778434.8,-3.39
777785.6,-4.09
777088.8,-4.79
776349.4,-5.39
775584.8,-5.79
774841.4,-5.49
774152.1,-4.69
773489.3,-4.29
772851,-3.89
772200.1,-4.09
771531.9,-4.39
770827,-4.99
770063.6,-5.79
769265.5,-6.19
768453,-6.39
767658,-6.19
766927,-5.29
766215.2,-5.09
765520,-4.79
764851.2,-4.49
764213.3,-3.99
763542.4,-4.49
762813.4,-5.39
762014.5,-6.29
761191.4,-6.59
760349,-6.79
759484.1,-7.09
758608.2,-7.29
757723.9,-7.39
756837.2,-7.39
755937.5,-7.49
755039.3,-7.49
754148.2,-7.39
753271.9,-7.29
752383.6,-7.39
751492.5,-7.39
750591.2,-7.59
749695.2,-7.49
748821.2,-7.19
747919.1,-7.59
747022.4,-7.49
746137.8,-7.39
745227.4,-7.69
744298.2,-7.89
743359.9,-7.99
742455.4,-7.59
741564.7,-7.39
740672.8,-7.49
739788.8,-7.39
738913.9,-7.29
738083.7,-6.69
737299.4,-6.19
736603.1,-4.89
735935.8,-4.49
735307.6,-3.89
734650.8,-4.39
734027.6,-3.79
733450.4,-2.99
732800.9,-4.29
732201.8,-3.39
731589.6,-3.69
730962.5,-3.99
730376.1,-3.19
729769.4,-3.59
729163.5,-3.59
728524.8,-4.19
727804,-5.39
727076.2,-5.49
726410.6,-4.59
725748.9,-4.59
725060,-4.99
724362.2,-5.09
723651.1,-5.29
722946.6,-5.19
722234.1,-5.39
721590.3,-4.29
720904.2,-4.99
720147.4,-5.99
719466.6,-4.89
718791,-4.79
717953.6,-7.09
717172.3,-6.29
716410.1,-6.09
715756,-4.49
715025.3,-5.69
714373.6,-4.49
713735.3,-4.29
713087.1,-4.49
712495.1,-3.49
711915.1,-3.29
711340.7,-3.19
710723.2,-3.99
710130.1,-3.59
709543.8,-3.49
708960.2,-3.39
708373.6,-3.49
707796.8,-3.29
707213.8,-3.39
706659.1,-2.89
706101.8,-2.99
705538.7,-3.09
704973.4,-3.09
704405.8,-3.19
703852.8,-2.89
703312.6,-2.69
702773.1,-2.69
702241.4,-2.59
701723.2,-2.29
701220.8,-1.99
700722.9,-1.89
700219,-2.09
699719.5,-1.99
699237.8,-1.59
698767.7,-1.39
698280.3,-1.79
697786.1,-1.89
697285.6,-2.09
696770.4,-2.39
696267.5,-2.09
695761.8,-2.19
695269.4,-1.89
694792,-1.59
694317.1,-1.49
693839.4,-1.59
693365.3,-1.49
692894.3,-1.39
692414.2,-1.59
691937,-1.49
691469.6,-1.19
690996.3,-1.29
690515.4,-1.49
690032,-1.49
689551.9,-1.39
689062.2,-1.59
688572.1,-1.59
688093.3,-1.39
687595.1,-1.79
687114.8,-1.39
686649.6,-1.09
686155.3,-1.69
685644.8,-2.09
685145.4,-1.79
684621.1,-2.39
684101.6,-2.29
683594.1,-2.09
683079.8,-2.19
682535.8,-2.79
682000.6,-2.69
681462.5,-2.79
680915.7,-2.89
680352.8,-3.29
679802.6,-3.09
679253.9,-3.09
678706.2,-3.09
678157.6,-3.09
677587.5,-3.59
677022.9,-3.49
676454.2,-3.49
675869.5,-3.89
675288.2,-3.79
674705.6,-3.89
674109,-4.19
673508.8,-4.19
672886.9,-4.59
672252.8,-4.79
671626.7,-4.69
671010.9,-4.49
670375.8,-4.89
669684.1,-5.79
668965.3,-6.19
668222.7,-6.49
667504.8,-6.19
666826.1,-5.59
666181.3,-5.09
665577.2,-4.49
665007.9,-3.89
664369.8,-5.09
663683.4,-5.89
662970.2,-6.29
662312.1,-5.49
661691.4,-4.89
661078.2,-4.79
660406.7,-5.69
659732.6,-5.69
659015.4,-6.39
658288.5,-6.49
657549.8,-6.69
656794.2,-6.99
656053.2,-6.79
655317.8,-6.69
654636.9,-5.89
653945.6,-6.09
653281.6,-5.69
652557.6,-6.49
651775.8,-7.29
650945.4,-7.89
650111,-7.99
649270.6,-7.99
648439.1,-7.89
647648.6,-7.39
646902.1,-6.79
646182.4,-6.39
645400.1,-7.29
644591.4,-7.59
643828.7,-6.99
643069.6,-6.99
642343.6,-6.49
641667.1,-5.79
641009.2,-5.49
640339.1,-5.69
639629.6,-6.29
638886.8,-6.79
638149,-6.69
637441.4,-6.29
636722,-6.49
636044.1,-5.89
635352.1,-6.09
634635.2,-6.49
633921.5,-6.49
633217.7,-6.39
632524.4,-6.19
631770.8,-7.09
630958.1,-7.89
630147.3,-7.89
629351.1,-7.69
628577.9,-7.39
627765.2,-7.89
626955.2,-7.89
626193.9,-7.19
625382,-7.89
624580.4,-7.79
623798.6,-7.49
623113,-6.19
622525.8,-4.59
622000.2,-3.49
621531.1,-2.29
621103.4,-1.29
620655.1,-1.89
620206.8,-1.89
619748.7,-2.09
619303.1,-1.79
618872.5,-1.39
618448.1,-1.29
618022.2,-1.39
617606,-1.09
617168.5,-1.69
616745.4,-1.29
616302.1,-1.79
615871.2,-1.49
615459.4,-0.99
615054.2,-0.89
614659.4,-0.59
614252.3,-0.89
613853.9,-0.69
613455.2,-0.69
613066.2,-0.49
612654.8,-1.09
612243.8,-0.99
611827.1,-1.19
611431.6,-0.69
611028.4,-0.89
610613.9,-1.19
610184.4,-1.49
609744,-1.79
609299.1,-1.89
608843.1,-2.19
608346.3,-3.09
607842.4,-3.19
607337.1,-3.19
606813.1,-3.59
606275.5,-3.89
605740.6,-3.89
605194.4,-4.09
604661.8,-3.89
604147.6,-3.49
603580.1,-4.59
603008.1,-4.59
602432.1,-4.69
601818.6,-5.39
601161.4,-6.09
600564.4,-5.09
600011.2,-4.39
599503.7,-3.49
599017.2,-3.09
598504.1,-3.69
597999.7,-3.49
597465.9,-4.09
596932.3,-4.09
596366.4,-4.79
595790.6,-4.99
595259.6,-4.19
594794.5,-2.79
594331.2,-2.79
593832.2,-3.59
593317.5,-3.89
592776.2,-4.49
592185.2,-5.39
591573.4,-5.79
590951.9,-5.99
590400.4,-4.69
589820.4,-5.39
589260.4,-4.99
588693.5,-5.09
588073.1,-6.09
587464.7,-5.89
586892,-5.29
586344.7,-4.89
585840.4,-3.99
585363.9,-3.39
584894.1,-3.29
584452.9,-2.69
584037.4,-2.09
583614.2,-2.29
583231.1,-1.29
582866.8,-0.79
582515.4,-0.49
582160.9,-0.59
581809.1,-0.49
581455.4,-0.59
581102.1,-0.59
580753.2,-0.39
580389.4,-0.89
580013.4,-1.29
579645.5,-1.09
579275,-1.19
578876.7,-1.89
578494.9,-1.49
578114.4,-1.49
577730.5,-1.59
577344.9,-1.59
576966.4,-1.49
576585.3,-1.49
576209.2,-1.39
575841.6,-1.19
575484.6,-0.89
575133.4,-0.69
574770,-1.09
574411.9,-0.89
574053.9,-0.89
573689.3,-1.09
573328.4,-0.99
572951.8,-1.49
572590.4,-0.99
572227.8,-1.09
571855.1,-1.39
571464.5,-1.89
571102.1,-1.09
570734.1,-1.29
570369.7,-1.19
569990.9,-1.59
569615.2,-1.59
569249.4,-1.29
568878.4,-1.49
568516.8,-1.19
568157.3,-1.19
567796.2,-1.19
567433.7,-1.29
567073.8,-1.19
566711.8,-1.29
566345.4,-1.39
565983.1,-1.29
565620.8,-1.29
565253.1,-1.39
564892.3,-1.19
564529.9,-1.29
564180.1,-0.89
563816.3,-1.29
563442.6,-1.59
563077.5,-1.29
562709.9,-1.39
562349.1,-1.19
561982.6,-1.29
561619.2,-1.19
561238.6,-1.69
560866.7,-1.49
560510.2,-0.99
560146.9,-1.19
559768.2,-1.59
559397.4,-1.39
559013.1,-1.79
558636.2,-1.59
558256.6,-1.69
557878.6,-1.59
557501.6,-1.59
557131.2,-1.39
556745.1,-1.79
556352.6,-1.99
555962.6,-1.99
555578.2,-1.79
555196,-1.79
554827.4,-1.39
554440.2,-1.89
554036.6,-2.39
553637.1,-2.29
553228.2,-2.59
552823.1,-2.49
552403.6,-2.89
551990.9,-2.69
551569.6,-2.99
551146.8,-2.99
550715.7,-3.29
550284.1,-3.29
549842.5,-3.59
549399.2,-3.59
548933.4,-4.19
548475.5,-3.99
548012.1,-4.09
547535,-4.49
547057.8,-4.49
546576.1,-4.59
546087.9,-4.79
545603.4,-4.69
545085.1,-5.39
544542.8,-5.89
543992.4,-6.09
543483.8,-5.19
542985.5,-5.09
542512.6,-4.49
542043.6,-4.49
541597.1,-3.99
541141.1,-4.29
540711.8,-3.59
540293.8,-3.39
539864.1,-3.69
539476.2,-2.59
539100.3,-2.39
538732.4,-2.09
538348.8,-2.59
537948.4,-2.99
537519.4,-3.79
537087.4,-3.79
536634.6,-4.29
536169.1,-4.59
535662.9,-5.49
535157.3,-5.39
534616.9,-6.19
534109.6,-5.49
533601.1,-5.49
533119.1,-4.89
532654.4,-4.59
532166.4,-5.09
531643.4,-5.79
531102.9,-6.09
530561.5,-6.09
530031.2,-5.89
529498.1,-5.99
528915.6,-6.89
528319.4,-7.09
527728.8,-6.99
527152.1,-6.79
526578.2,-6.79
526021.5,-6.49
525470.9,-6.29
524928.2,-6.19
524377,-6.39
523818.2,-6.49
523259.5,-6.49
522700.1,-6.49
522136.2,-6.59
521561.9,-6.79
521002.1,-6.59
520484.3,-5.69
519965,-5.79
519443.3,-5.89
518924.4,-5.79
518395.2,-5.99
517882.8,-5.69
517343.1,-6.29
516800.9,-6.29
516235.5,-6.79
515683,-6.49
515118.9,-6.79
514586.3,-6.19
514044.2,-6.39
513531.2,-5.79
513053,-5.09
512602.6,-4.49
512163.8,-4.29
511752.3,-3.59
511343.8,-3.59
510946.5,-3.29
510542.7,-3.49
510128.1,-3.79
509697.8,-4.19
509288.3,-3.59
508864.3,-3.99
508438.4,-4.09
508010.4,-4.19
507603.4,-3.59
507197.5,-3.59
506769.3,-4.19
506361.6,-3.69
505951.2,-3.79
505548.3,-3.59
505134.3,-3.89
504722.6,-3.89
504301,-4.19
503925.8,-2.89
503558.3,-2.79
503188.8,-2.79
502821.5,-2.79
502435.7,-3.29
502078.4,-2.49
501710.4,-2.89
501347.5,-2.69
500981.3,-2.79
500613,-2.89
500252.9,-2.69
499886.3,-2.89
499519.1,-2.89
499148.4,-2.99
498782.2,-2.89
498397.5,-3.49
498030.3,-2.99
497635.8,-3.79
497240.8,-3.79
496841,-3.89
496458.6,-3.49
496075.1,-3.49
495678.2,-3.89
495262,-4.39
494846.1,-4.49
494437.4,-4.29
494032.7,-4.19
493604.7,-4.79
493168.6,-4.99
492738.8,-4.89
492309.1,-4.89
491877,-4.99
491436.7,-5.19
490999.4,-5.19
490566.2,-5.09
490137.9,-4.99
489715.5,-4.89
489285.2,-5.09
488858,-4.99
488423.1,-5.19
487987.2,-5.29
487595.2,-4.19
487216.6,-3.79
486839.8,-3.79
486459.1,-3.89
486076.3,-3.99
485685.4,-4.19
485283.7,-4.49
484878.7,-4.59
484485.3,-4.29
484116,-3.69
483760.5,-3.29
483390.8,-3.79
483029.7,-3.49
482663.5,-3.69
482295,-3.79
481927.3,-3.69
481569.2,-3.49
481189.7,-4.09
480822.7,-3.79
480457.8,-3.69
480096.8,-3.59
479738.6,-3.59
479379.8,-3.59
479040.7,-3.09
478700.2,-3.09
478355.4,-3.29
478014,-3.19
477668.9,-3.29
477333.8,-2.99
476989.5,-3.29
476651.2,-3.19
476314.6,-3.09
475983.6,-2.99
475646.3,-3.19
475309.3,-3.19
474973,-3.19
474646.5,-2.89
474308.6,-3.29
473989.2,-2.69
473664,-2.89
473339.9,-2.89
473016.3,-2.89
472698.1,-2.69
472380.2,-2.69
472071.6,-2.39
471767.5,-2.29
471473.9,-1.89
471184.2,-1.79
470896.1,-1.69
470604.2,-1.89
470310.4,-1.99
470043.8,-0.89
469748.2,-2.09
469455.4,-1.89
469158.2,-2.09
468855.5,-2.29
468551.7,-2.29
468235,-2.79
467911.8,-2.99
467589.5,-2.89
467265.8,-2.99
466939.4,-3.09
466618.1,-2.89
466284.8,-3.29
465951.9,-3.29
465606.7,-3.69
465267,-3.49
464915.9,-3.89
464557.8,-4.09
464180.3,-4.59
463815.6,-4.29
463444.8,-4.39
463067.4,-4.59
462669.2,-5.19
462262.7,-5.39
461885.5,-4.59
461528.8,-4.09
461195.6,-3.39
460855,-3.59
460500.8,-3.99
460130.4,-4.49
459735.4,-5.09
459306.1,-5.99
458863.1,-6.39
458454.6,-5.49
458072.4,-4.79
457722.4,-3.89
457395.4,-3.19
457039.8,-4.19
456671.2,-4.49
456261,-5.59
455814,-6.49
455397.5,-5.69
454937.2,-6.79
454429,-7.89
453950.9,-7.19
453468,-7.39
452972,-7.69
452479.9,-7.59
451998.1,-7.39
451556.1,-6.49
451106.5,-6.69
450677.7,-6.19
450236.8,-6.49
449763,-7.29
449285.9,-7.39
448803.7,-7.49
448307.7,-7.79
447799.2,-8.09
447310.2,-7.69
446813.5,-7.89
446350.7,-7.19
445923.3,-6.39
445512.8,-5.99
445109.6,-5.79
444693.2,-6.19
444274.3,-6.19
443829.2,-6.89
443418,-6.09
443021.2,-5.69
442576.1,-6.89
442143.1,-6.59
441725.8,-6.29
441308,-6.29
440879.1,-6.59
440490.3,-5.59
440110.5,-5.29
439736,-5.19
439311.9,-6.49
438880.6,-6.69
438457.7,-6.49
438034.9,-6.49
437600.3,-6.79
437192.4,-6.09
436759.6,-6.79
436307.9,-7.19
435856.8,-7.19
435416.3,-6.99
434955.5,-7.39
434491.8,-7.49
434035.8,-7.29
433573.5,-7.49
433086.2,-7.99
432613.2,-7.69
432167.7,-7.09
431737.2,-6.79
431268,-7.69
430827.8,-6.99
430368.7,-7.49
429923.5,-7.19
429517,-6.19
429075.4,-7.09
428622.6,-7.39
428178.3,-7.19
427718.7,-7.49
427275.1,-7.19
426836.5,-7.09
426419.4,-6.59
426033.1,-5.79
425655.8,-5.59
425333.2,-3.89
424983,-4.89
424669.3,-3.69
424355.3,-3.79
424073.5,-2.59
423808.2,-1.99
423556.6,-1.39
423289.2,-2.19
423042.6,-1.29
422815.6,-0.39
422590,-0.39
422377.8,0.21
422174,0.61
421978.2,1.01
421777.9,0.81
421555.2,-0.29
421311.4,-1.29
421073.6,-0.99
420823,-1.59
420579,-1.29
420347.8,-0.79
420113.6,-0.89
419871.1,-1.29
419631.8,-1.19
419403.1,-0.69
419172.1,-0.89
418954.2,-0.29
418739.8,-0.19
418531,0.11
418318.7,-0.09
418104,-0.19
417898.8,0.31
417689.9,0.01
417483.3,0.11
417294.1,1.11
417087.6,0.01
416885,0.31
416684.5,0.31
416493,0.91
416297.2,0.61
416102.7,0.61
415915.5,1.01
415726.4,0.81
415531,0.51
415340.5,0.81
415141.5,0.21
414946,0.41
414751.3,0.41
414561,0.71
414363,0.21
414165.7,0.21
413973,0.51
413777.6,0.31
413575.8,0.01
413386.8,0.61
413200.3,0.81
413010.4,0.51
412821.9,0.61
412643.3,1.21
412451.4,0.31
412262.4,0.51
412074.5,0.61
411884.5,0.41
411696.5,0.51
411521,1.31
411352.7,1.71
411179.9,1.31
411006.4,1.31
410831.9,1.21
410662.6,1.61
410491.8,1.41
410322,1.51
410156.7,1.81
409987,1.41
409822.1,1.81
409661.9,2.01
409503.4,2.21
409340.4,1.81
409184.7,2.31
409029.4,2.31
408867.5,1.91
408701,1.61
408537.4,1.81
408376.5,1.91
408223.5,2.41
408066.9,2.21
407906.1,1.81
407756.8,2.81
407596,1.71
407445.3,2.61
407296.1,2.71
407135.9,1.81
406979.5,2.11
406813.8,1.51
406654.8,1.91
406502.3,2.41
406349.7,2.31
406195,2.11
406038.6,2.11
405875.4,1.61
405716.3,1.91
405551,1.41
405387.2,1.51
405226.7,1.71
405070.9,2.01
404904.3,1.31
404743.2,1.71
404584.6,1.81
404423.4,1.61
404266,1.91
404107.1,1.71
403954.1,2.21
403796.3,1.81
403636.8,1.71
403472.1,1.41
403303.2,1.11
403142.9,1.81
402975.2,1.21
402806.7,1.21
402639,1.21
402471.4,1.21
402305.3,1.41
402127.6,0.61
401946.8,0.41
401771,0.81
401602.4,1.21
401427.6,0.81
401244.4,0.31
401057.7,0.11
400868,0.01
400677.9,-0.09
400481.3,-0.39
400297.2,0.31
400109,0.01
399922.2,0.11
399716.3,-0.89
399504.1,-1.19
399304.8,-0.49
399107.3,-0.49
398918,0.01
398719.2,-0.49
398520.9,-0.49
398319.3,-0.69
398118.3,-0.59
397907.7,-1.09
397696.4,-1.09
397480.1,-1.39
397261.7,-1.49
397036.4,-1.89
396825.5,-1.09
396611.8,-1.19
396378.8,-2.19
396141.2,-2.39
395909.9,-2.09
395670.5,-2.49
395432.5,-2.39
395189.5,-2.59
394942.7,-2.79
394684.2,-3.29
394425.5,-3.29
394158.5,-3.59
393883.2,-3.89
393602,-4.09
393311.8,-4.49
393020.6,-4.49
392723,-4.69
392432.8,-4.49
392144.5,-4.39
391838.4,-4.99
391514.6,-5.59
391196.2,-5.39
390858.7,-6.09
390515.6,-6.19
390199.1,-5.39
389880.9,-5.49
389581.6,-4.79
389284.5,-4.79
389004.9,-4.19
388733.3,-3.89
388476.9,-3.29
388235.1,-2.69
387976.7,-3.39
387716.3,-3.49
387449.8,-3.69
387168.5,-4.29
386888.8,-4.19
386622.1,-3.69
386334.7,-4.49
386041.9,-4.69
385741.9,-4.89
385430.7,-5.39
385127.3,-5.09
384820.7,-5.19
384538,-4.39
384251.7,-4.49
383959.8,-4.79
383692.8,-3.79
383424.2,-3.89
383157.7,-3.79
382894.3,-3.69
382619.4,-4.19
382341.3,-4.29
382057.2,-4.49
381780.8,-4.19
381506,-4.09
381218,-4.69
380921.1,-4.99
380622.9,-4.99
380321.2,-5.19
380007,-5.59
379678.8,-6.09
379376.7,-5.19
379059.8,-5.69
378747.6,-5.49
378426.7,-5.89
378111.8,-5.59
377781.2,-6.19
377444,-6.39
377105.8,-6.39
376762.2,-6.59
376412.1,-6.79
376058.3,-6.89
375701.4,-7.09
375378.2,-5.99
375068.6,-5.59
374769,-5.29
374477.3,-4.99
374200.1,-4.49
373933.8,-4.09
373648.8,-4.79
373352.8,-5.19
373047.8,-5.59
372744.4,-5.49
372439.4,-5.59
372134.1,-5.59
371837.7,-5.29
371516.8,-6.19
371196.6,-6.19
370884.4,-5.89
370555,-6.49
370224.8,-6.49
369881.3,-6.89
369523.3,-7.39
369195,-6.49
368872.5,-6.39
368555.2,-6.19
368234.3,-6.29
367906.4,-6.59
367569.6,-6.89
367243.9,-6.49
366916.5,-6.59
366589.4,-6.69
366272.1,-6.39
365952.1,-6.39
365607.6,-7.29
365262.1,-7.29
364942.1,-6.49
364631.1,-6.29
364311,-6.59
364004.2,-6.19
363697.2,-6.19
363393.2,-6.09
363056.6,-7.29
362728.9,-6.99
362416.9,-6.49
362094.3,-6.79
361752.2,-7.49
361434,-6.69
361086.4,-7.69
360758.9,-7.09
360417,-7.59
360090.3,-7.09
359747.3,-7.69
359404.8,-7.69
359064.3,-7.69
358708.5,-8.19
358362.3,-7.89
358015.3,-7.89
357676.5,-7.69
357336.1,-7.79
357003.4,-7.59
356672.6,-7.49
356331.6,-7.79
355989.8,-7.89
355644.1,-7.99
355303.1,-7.89
354968.9,-7.69
354650.8,-7.19
354359.9,-6.29
354065.4,-6.49
353774.2,-6.39
353475.1,-6.69
353171.6,-6.79
352870.1,-6.79
352567.2,-6.79
352268.3,-6.69
351965.7,-6.89
351663,-6.89
351362.4,-6.79
351068,-6.59
350761,-7.09
350473.8,-6.39
350190.2,-6.29
349908.1,-6.19
349613.9,-6.69
349351.4,-5.39
349049.3,-6.99
348728.5,-7.59
348403.8,-7.69
348097.9,-7.09
347810.4,-6.39
347495.2,-7.49
347180.5,-7.49
346879.3,-6.99
346552.7,-7.89
346239.6,-7.39
345931.4,-7.29
345612.2,-7.69
345297.2,-7.49
344974.1,-7.79
344645.4,-7.99
344329.2,-7.59
344002.6,-7.99
343694.8,-7.29
343354.6,-8.49
343039.5,-7.59
342690.5,-8.69
342358.9,-8.19
342036.3,-7.89
341699,-8.39
341372.5,-8.09
341072.3,-7.19
340790.8,-6.59
340519.3,-6.19
340259.4,-5.79
340003,-5.69
339758.1,-5.19
339519.8,-4.89
339291.3,-4.49
339060.1,-4.69
338841.5,-4.09
338632.7,-3.59
338433.5,-3.09
338237.5,-2.99
338050.4,-2.49
337870.2,-2.09
337692.6,-1.99
337515.2,-1.99
337341.6,-1.79
337173.3,-1.49
337009.8,-1.19
336846.2,-1.29
336687.2,-0.99
336538.7,-0.19
336392.2,-0.19
336251.7,0.31
336113.3,0.41
335977.8,0.61
335855,1.71
335727.9,1.21
335611.7,2.21
335494.6,2.01
335380.9,2.41
335263,1.91
335152.6,2.61
335049.5,3.41
334946.4,3.41
334840.6,2.91
334739.4,3.51
334639.5,3.51
334544.8,4.21
334449.2,4.21
334346.4,3.11
334242.8,3.21
334140.5,3.31
334037.8,3.21
333939.6,3.71
333844.4,4.11
333747.3,3.81
333647.8,3.51
333547,3.51
333441.1,2.81
333334.9,2.81
333234.5,3.51
333130.4,3.01
333022.2,2.61
332912.3,2.51
332796.1,1.71
332682.2,2.11
332555.5,0.81
332434.2,1.51
332311.7,1.41
332177.7,0.31
332042.6,0.31
331903.7,-0.09
331764.4,-0.09
331622.4,-0.29
331489.3,0.41
331356.4,0.31
331227.5,0.71
331092.7,0.11
330966.6,1.01
330841.1,0.91
330714.5,0.81
330587.5,0.81
330456.6,0.41
330328.4,0.71
330196.8,0.41
330061.5,0.01
329932.9,0.71
329798.4,0.11
329666.3,0.31
329541.2,0.91
329417.7,1.01
329297.2,1.21
329177.1,1.31
329048.2,0.51
328920.8,0.71
328793,0.61
328669,0.91
328543.1,0.61
328424.2,1.41
328302.5,1.11
328175.9,0.61
328045.7,0.31
327917.9,0.61
327787.6,0.31
327658.1,0.31
327533.1,0.81
327404,0.41
327273.1,0.21
327144.1,0.41
327015.8,0.41
326894.7,1.11
326768.5,0.51
326642.8,0.61
326512.6,0.21
326378.2,-0.09
326244.5,0.01
326107.8,-0.29
325969.1,-0.49
325831.1,-0.39
325688.4,-0.79
325549.8,-0.39
325415.1,-0.09
325281.2,-0.09
325141,-0.49
324995.3,-0.99
324852.7,-0.59
324699.8,-1.59
324553.5,-0.89
324405.8,-1.09
324255.4,-1.29
324103.2,-1.39
323942.7,-1.99
323786.5,-1.69
323632.8,-1.49
323471.2,-1.99
323309,-1.99
323142.2,-2.29
322972.6,-2.49
322803.4,-2.39
322627,-2.99
322462.5,-2.09
322283.5,-3.09
322105.3,-2.99
321924.8,-3.09
321739.2,-3.39
321539.9,-4.19
321347.2,-3.79
321151.3,-3.99
320948.8,-4.29
320745.7,-4.29
320544.2,-4.29
320342.3,-4.29
320137.3,-4.39
319919.1,-5.09
319718.2,-4.19
319521.8,-3.99
319337,-3.39
319157.2,-2.99
318972.2,-3.39
318790.8,-3.19
318607.8,-3.29
318430.7,-2.89
318255.7,-2.79
318083.2,-2.59
317910.9,-2.69
317744.8,-2.39
317599.6,-0.69
317449.1,-1.29
317291.8,-1.69
317126.8,-2.29
316964.9,-1.89
316779.5,-3.49
316598.2,-3.29
316434.2,-2.09
316265.3,-2.49
316089.9,-2.79
315908,-3.29
315732.7,-2.79
315553.7,-3.09
315370.1,-3.39
315200.3,-2.39
315016,-3.49
314837.4,-2.99
314643.8,-3.99
314455.8,-3.59
314267.2,-3.59
314060.4,-4.59
313859.8,-4.29
313664.7,-3.89
313459,-4.59
313260.4,-4.09
313047.2,-4.99
312841.3,-4.49
312636.7,-4.49
312433.9,-4.39
312226.8,-4.59
312004.9,-5.39
311793.5,-4.79
311576.2,-5.19
311365.1,-4.79
311136.4,-5.69
310918,-5.19
310703.4,-5.09
310493.8,-4.79
310278.8,-5.09
310057,-5.49
309845.8,-4.89
309626.5,-5.29
309399,-5.69
309168.2,-5.89
308932.8,-6.09
308705.6,-5.69
308460.9,-6.59
308229.3,-5.89
308021.7,-4.79
307824.1,-4.29
307619.2,-4.69
307418.1,-4.49
307215.3,-4.69
307027.8,-3.79
306847.2,-3.49
306670.9,-3.19
306482.8,-3.89
306284,-4.49
306089.4,-4.29
305892,-4.39
305692.4,-4.59
305506.8,-3.69
305307.4,-4.69
305112,-4.29
304905.4,-4.99
304707.9,-4.49
304503.3,-4.89
304290.5,-5.29
304072.6,-5.59
303858.4,-5.39
303648.7,-5.19
303419.5,-6.19
303188.3,-6.29
302958.4,-6.29
302736.1,-5.89
302506,-6.29
302287.6,-5.69
302075.4,-5.49
301871.9,-5.09
301683.8,-4.29
301487.8,-4.69
301286.3,-4.99
301082.6,-5.19
300867.8,-5.69
300652.3,-5.79
300441.7,-5.49
300228.6,-5.69
300012.7,-5.79
299794,-5.99
299569,-6.29
299334.2,-6.79
299097,-6.99
298890,-5.39
298670.3,-6.09
298442.4,-6.49
298219.1,-6.29
298005.1,-5.89
297799.3,-5.49
297601.4,-5.09
297410.2,-4.79
297230.8,-4.09
297030.2,-5.29
296819,-5.79
296598.3,-6.29
296382.2,-6.09
296152.2,-6.69
295920.2,-6.89
295690.8,-6.69
295464.9,-6.59
295260.4,-5.49
295043.1,-6.29
294816.8,-6.69
294587.4,-6.89
294378.9,-5.79
294166.8,-6.09
293970.3,-5.19
293768.2,-5.59
293569.9,-5.39
293364.9,-5.79
293169.6,-5.29
292983,-4.79
292801.7,-4.49
292614.3,-4.89
292428.6,-4.79
292251.3,-4.39
292086.8,-3.59
291924.7,-3.49
291766.2,-3.29
291601.8,-3.69
291440.8,-3.49
291286.8,-2.99
291133.6,-2.99
290984.6,-2.69
290828.6,-3.19
290665.6,-3.69
290497.8,-3.99
290329.8,-3.99
290167.9,-3.59
289994.3,-4.49
289833.2,-3.49
289661.4,-4.29
289491.4,-4.19
289331.9,-3.49
289177.3,-3.19
289014.2,-3.79
288847.1,-4.09
288679.1,-4.09
288509.2,-4.19
288334.1,-4.59
288160.1,-4.59
287992.6,-4.09
287815,-4.79
287645.6,-4.29
287478.7,-4.09
287306.4,-4.49
287135.3,-4.39
286954.4,-4.99
286777.8,-4.69
286599,-4.89
286425.9,-4.49
286229.7,-5.89
286051.2,-4.89
285871.2,-4.99
285690.2,-5.09
285511.9,-4.89
285333.2,-4.99
285149.9,-5.19
284963.3,-5.49
284785.2,-4.89
284604.7,-5.09
284422.2,-5.19
284239.9,-5.19
284052.1,-5.59
283866.1,-5.39
283674.1,-5.79
283485.4,-5.59
283290.3,-5.99
283095.4,-5.99
282902.3,-5.79
282695.7,-6.59
282480.8,-7.09
282285,-6.09
282095.4,-5.69
281895.9,-6.29
281705.8,-5.79
281534,-4.59
281345.4,-5.79
281151.2,-5.99
280947.3,-6.49
280730.1,-7.19
280510.2,-7.29
280281.9,-7.79
280064.4,-7.19
279849,-7.09
279607.1,-8.49
279382.2,-7.59
279162.2,-7.39
278952.5,-6.89
278743,-6.89
278524.6,-7.39
278281,-8.49
278047.8,-8.09
277826.2,-7.49
277592.8,-8.09
277368.4,-7.69
277153.6,-7.19
276943.8,-6.99
276727.3,-7.39
276494.7,-8.09
276264.2,-7.99
276041.2,-7.59
275811.3,-7.99
275588.9,-7.59
275357.4,-8.09
275124.4,-8.09
274892.9,-8.09
274659.3,-8.19
274429.7,-7.99
274193.5,-8.29
273957.5,-8.29
273727,-8.09
273489.8,-8.39
273256,-8.19
273020.4,-8.29
272784.5,-8.29
272554.6,-8.09
272323.5,-8.09
272084.2,-8.49
271858,-7.89
271643.2,-7.39
271426.7,-7.49
271195.5,-8.19
270978.9,-7.49
270750.7,-8.09
270525.9,-7.89
270307.5,-7.59
270085.2,-7.79
269869.3,-7.49
269654.4,-7.49
269441,-7.39
269227.3,-7.39
269017.5,-7.19
268795.4,-7.79
268576,-7.69
268359.2,-7.59
268149.2,-7.29
267950.9,-6.59
267743.8,-7.09
267525.9,-7.69
267304.9,-7.89
267097.9,-7.09
266894.4,-6.99
266702,-6.39
266513.9,-6.19
266321.6,-6.49
266130.2,-6.39
265940.9,-6.29
265762.1,-5.69
265579.9,-5.89
265392.3,-6.29
265212.6,-5.79
265037.5,-5.49
264858,-5.89
264689.1,-5.09
264521.2,-5.09
264351.6,-5.19
264169.2,-5.99
263971.1,-6.89
263788.2,-5.99
263591.7,-6.79
263400.4,-6.49
263210.9,-6.39
263013.5,-6.89
262807.8,-7.29
262609.2,-6.99
262419.7,-6.49
262238.3,-5.99
262053.4,-6.29
261877.8,-5.69
261677.9,-7.09
261479.8,-6.99
261273.3,-7.39
261075.2,-6.99
260885.5,-6.59
260701.2,-6.29
260514.8,-6.39
260311.7,-7.39
260123,-6.49
259940.6,-6.19
259755.7,-6.39
259582.1,-5.69
259419.5,-5.09
259248.6,-5.59
259074.1,-5.89
258893.7,-6.19
258716.1,-5.99
258533.4,-6.29
258336.8,-7.19
258160,-5.99
257980.6,-6.19
257792.7,-6.69
257615.6,-5.99
257437.2,-6.19
257253.8,-6.49
257065.3,-6.79
256871.8,-6.99
256671.9,-7.39
256483.6,-6.79
256292.9,-6.89
256103.4,-6.89
255919.8,-6.49
255731.7,-6.79
255536,-7.29
255345.1,-6.99
255167.1,-6.19
254985.1,-6.49
254801.8,-6.59
254616,-6.69
254418.3,-7.39
254218.6,-7.49
254029.5,-6.89
253833.5,-7.39
253649.2,-6.69
253454.2,-7.39
253261.7,-7.19
253066.7,-7.29
252866.9,-7.59
252670.1,-7.49
252486.2,-6.79
252311,-6.19
252135.9,-6.29
251957.2,-6.49
251777.8,-6.49
251593.6,-6.79
251413.4,-6.59
251237.1,-6.29
251051.7,-6.99
250875.3,-6.39
250698.5,-6.49
250529.2,-5.99
250360.6,-5.99
250201,-5.39
250042.5,-5.29
249879,-5.69
249725.3,-4.99
249573.6,-4.89
249416,-5.39
249267.4,-4.69
249118.7,-4.69
248969.4,-4.69
248811.4,-5.39
248657.5,-5.09
248503.7,-5.09
248349,-5.09
248182.5,-5.99
248016.3,-5.89
247847.8,-5.99
247675.1,-6.29
247516.1,-5.49
247363.9,-4.99
247215.7,-4.79
247073.6,-4.29
246941.6,-3.49
246803.6,-4.19
246674,-3.29
246549.9,-2.89
246419.3,-3.59
246299.6,-2.59
246180.5,-2.59
246064.2,-2.39
245951.3,-1.99
245837.4,-2.19
245729,-1.59
245621.5,-1.59
245519.2,-0.99
245414.3,-1.29
245308.3,-1.49
245207.7,-0.89
245111.8,-0.49
245022.6,0.41
244935.5,0.51
244849.3,0.61
244765.5,0.91
244684.8,1.31
244608,1.91
244530.6,1.71
244452.6,1.71
244372.8,1.31
244292.4,1.31
244212.9,1.41
244136.1,1.81
244062.4,2.21
243990.6,2.41
243920.3,2.81
243844.6,1.71
243772.2,2.41
243700.7,2.51
243629,2.41
243558.9,2.61
243490.4,2.91
243421.9,2.81
243354.9,3.21
243285.8,2.71
243215.4,2.41
243147.7,3.21
243077.5,2.41
243008.1,2.61
242940.3,3.01
242872.1,2.91
242797.8,2.11
242717.4,0.91
242638.7,1.51
242555,0.41
242475.5,1.41
242392.1,0.71
242308.5,0.71
242224.3,0.61
242137.1,0.31
242046,-0.29
241955.1,-0.19
241865.4,0.01
241771.8,-0.49
241674.3,-0.89
241578.2,-0.79
241484.9,-0.49
241389.6,-0.69
241293.4,-0.69
241193.2,-1.39
241096.7,-0.89
241004.2,-0.29
240910.4,-0.49
240807.8,-1.59
240700.5,-1.99
240590.1,-2.29
240481.2,-2.19
240382.4,-0.99
240270.4,-2.49
240163.5,-1.99
240062.3,-1.29
239959.1,-1.69
239857.8,-1.29
239750.8,-2.09
239642.6,-2.09
239536,-1.89
239422,-2.69
239312.7,-2.29
239207.4,-1.79
239102,-1.79
238991.6,-2.39
238878.4,-2.59
238764.9,-2.69
238658,-1.89
238549.1,-2.19
238438.3,-2.39
238322.8,-2.89
238210.2,-2.59
238100.6,-2.19
237988.5,-2.59
237882.1,-1.89
237769.3,-2.69
237658,-2.39
237543,-2.89
237434,-2.19
237322.2,-2.49
237203.7,-3.09
237082.2,-3.39
236957.4,-3.69
236839,-2.99
236719,-3.29
236599.5,-3.19
236480.1,-3.19
236356.1,-3.69
236235.8,-3.19
236103.1,-4.39
235970.2,-4.29
235833.1,-4.59
235696.6,-4.59
235559.5,-4.69
235423.9,-4.49
235289.9,-4.39
235152.8,-4.59
235015.4,-4.69
234879.9,-4.49
234731.1,-5.49
234584.2,-5.29
234432.7,-5.69
234284.1,-5.39
234131.8,-5.69
233979.7,-5.69
233828.7,-5.59
233675.6,-5.79
233532.2,-5.09
233378.8,-5.79
233228.6,-5.59
233070.4,-6.09
232910.2,-6.19
232747.2,-6.39
232580.9,-6.59
232408.9,-6.99
232235.2,-7.09
232061.3,-7.09
231885.8,-7.19
231712,-7.19
231555,-5.99
231399.1,-5.99
231239.8,-6.39
231104.1,-4.29
230955.2,-5.69
230808.1,-5.29
230643.6,-6.59
230473.8,-6.89
230293.9,-7.49
230113.4,-7.49
229930.6,-7.69
229750.2,-7.49
229568.4,-7.59
229395.2,-7.09
229231.2,-6.49
229059.8,-7.09
228893.2,-6.69
228728.6,-6.59
228577.9,-5.69
228424.7,-5.89
228284,-4.99
228139.5,-5.29
227993.2,-5.49
227853,-4.89
227707.6,-5.59
227579.8,-3.89
227448.3,-4.29
227307.2,-5.19
227161.1,-5.49
227010,-5.89
226858.6,-5.69
226688.4,-7.19
226519.9,-6.89
226356,-6.59
226187.7,-6.99
226016.6,-7.09
225845.2,-7.09
225665.4,-7.69
225492,-7.19
225310.9,-7.79
225134.6,-7.39
224953.6,-7.79
224782.7,-7.09
224605.8,-7.59
224433.8,-7.19
224257.7,-7.49
224083.5,-7.39
223912,-7.19
223739.6,-7.29
223570,-7.09
223403.8,-6.99
223250.2,-6.09
223093.3,-6.29
222917.7,-7.59
222743.3,-7.59
222589.7,-6.09
222432.4,-6.49
222282.2,-5.99
222135.2,-5.79
221986.5,-5.99
221842.6,-5.59
221695.3,-5.89
221554.2,-5.39
221414.5,-5.39
221282.1,-4.69
221144.1,-5.29
221008.6,-4.99
220872.5,-5.19
220748,-4.19
220624.7,-4.09
220499.1,-4.29
220367.7,-4.89
220247.8,-3.79
220128.4,-3.89
220004.3,-4.29
219880.9,-4.19
219753.2,-4.69
219628.8,-4.29
219506.7,-4.09
219376.1,-4.89
219252,-4.49
219138.3,-3.29
219022.1,-3.69
218904.3,-3.89
218786.8,-3.99
218681.7,-2.59
218573,-3.09
218459.9,-3.59
218350.6,-3.09
218241.1,-3.19
218132.5,-3.19
218030.1,-2.49
217924.9,-2.79
217827.3,-2.09
217731.2,-1.89
217634.5,-1.99
217537.9,-1.99
217438.7,-2.39
217341.9,-2.09
217248.4,-1.69
217156.3,-1.59
217065.6,-1.39
216975.4,-1.39
216886.8,-1.19
216799.5,-1.09
216714.7,-0.69
216628.9,-0.89
216543.3,-0.89
216460.4,-0.59
216379,-0.39
216296.5,-0.59
216215.5,-0.19
216127.6,-1.39
216046.9,-0.19
215961.1,-1.09
215873.7,-1.19
215786.9,-1.09
215699,-1.29
215609.7,-1.39
215517.4,-1.89
215430,-1.19
215338.1,-1.79
215248.7,-1.49
215162.6,-1.09
215079.2,-0.79
214990.6,-1.29
214895.1,-2.39
214801.2,-2.09
214710.6,-1.69
214623.1,-1.29
214535.5,-1.29
214445.8,-1.79
214360.5,-0.99
214274.1,-1.29
214184.2,-1.69
214096.6,-1.39
214009.5,-1.39
213923.5,-1.19
213836.3,-1.29
213744.2,-1.99
213652,-2.09
213562.2,-1.59
213469.4,-2.19
213385.2,-0.99
213298.5,-1.49
213212.7,-1.19
213125.4,-1.49
213035.7,-1.79
212952.2,-0.99
212869.9,-0.79
212782.6,-1.49
212695.5,-1.59
212612.8,-0.89
212532.1,-0.59
212443.3,-1.79
212358.2,-1.29
212277.5,-0.59
212196.3,-0.69
212109.6,-1.49
212019.4,-1.99
211933.6,-1.29
211849.8,-1.19
211767.9,-0.79
211686.4,-0.79
211603.4,-1.09
211521.3,-0.99
211446.4,0.21
211367,-0.69
211284,-1.09
211199.4,-1.39
211116.3,-0.89
211027.8,-1.79
210943.8,-1.09
210855.3,-1.99
210771.5,-0.99
210682.8,-1.79
210591.8,-2.09
210504.8,-1.39
210415.8,-1.89
210330.8,-1.29
210245.7,-1.29
210156.1,-1.99
210067,-1.89
209981.7,-1.29
209894,-1.59
209801.3,-2.39
209708.4,-2.29
209616.1,-2.29
209526.9,-1.79
209436,-2.09
209344.5,-2.09
209250.8,-2.49
209160.2,-1.89
209069.9,-1.99
208983,-1.49
208887.9,-2.59
208793.2,-2.39
208695.3,-2.89
208598.5,-2.69
208502.8,-2.59
208407.7,-2.59
208311.2,-2.59
208209.7,-3.39
208114.6,-2.39
208017.1,-2.89
207920.9,-2.69
207829.8,-2.09
207737.3,-2.29
207640.9,-2.79
207542.8,-2.89
207443.5,-2.99
207343.1,-3.19
207243.9,-3.09
207147.7,-2.69
207051,-2.69
206949.5,-3.59
206854.7,-2.29
206756.4,-3.09
206657.2,-3.09
206558.2,-2.99
206457.7,-3.29
206358.4,-2.99
206253.8,-3.59
206144.6,-4.19
206040.4,-3.59
205940.5,-2.99
205833.2,-3.99
205725.1,-3.99
205619.1,-3.69
205506.4,-4.39
205390.9,-4.79
205283.3,-3.79
205174.1,-4.09
205061.4,-4.39
204950.2,-4.39
204843,-3.69
204726.7,-4.89
204620.2,-3.79
204508.9,-4.29
204395.9,-4.49
204285.8,-4.29
204185.2,-3.19
204080.6,-3.69
203974,-3.89
203873.7,-3.29
203777.7,-2.79
203677.5,-3.29
203577.4,-3.29
203475.5,-3.49
203382.5,-2.49
203287.5,-2.79
203194.5,-2.49
203102.2,-2.49
203013.6,-2.09
202930.9,-1.29
202848.1,-1.39
202764.2,-1.39
202674.8,-2.19
202581.1,-2.69
202499.5,-0.99
202413.8,-1.89
202327.3,-1.79
202241.8,-1.69
202156.4,-1.79
202073.7,-1.29
201986.8,-1.89
201898.8,-2.09
201810.1,-2.09
201720.8,-2.19
201632.6,-2.09
201550.2,-1.19
201465,-1.89
201381.4,-1.49
201300.1,-1.29
201220.1,-0.99
201131.3,-2.29
201042.6,-2.19
200956.4,-1.89
200871.1,-1.79
200783.9,-2.09
200699.3,-1.59
200613.2,-1.99
200527.6,-1.79
200442.3,-1.79
200354.7,-2.09
200265,-2.49
200179.3,-1.89
200102,-0.69
200021.4,-1.29
199932.6,-2.29
199843.6,-2.19
199750.4,-2.99
199661.9,-2.19
199577.3,-1.79
199488.7,-2.29
199398.8,-2.49
199308.2,-2.49
199216.6,-2.69
199127.5,-2.39
199041.2,-1.89
198946.4,-3.19
198850.6,-3.19
198756.1,-2.99
198662.9,-2.79
198566.5,-3.29
198468.1,-3.49
198368.8,-3.59
198267.2,-3.79
198161.9,-4.19
198056.2,-4.39
197959,-3.09
197855,-4.29
197752.3,-3.79
197645.9,-4.49
197546.3,-3.39
197439.6,-4.49
197331.7,-4.49
197221.9,-4.69
197121.5,-3.79
197026.7,-3.19
196914.6,-4.89
196805.3,-4.59
196694.4,-4.89
196586.8,-4.39
196475.7,-4.89
196351.4,-6.09
196235.3,-5.19
196117.2,-5.49
195996.7,-5.69
195876.2,-5.69
195749.8,-6.29
195631,-5.39
195499.8,-6.69
195378.4,-5.69
195249.8,-6.39
195125.9,-5.99
195000.2,-6.19
194876,-5.99
194742.2,-6.89
194618.6,-5.99
194507.2,-4.79
194391.2,-5.39
194273.1,-5.59
194150.6,-5.99
194034,-5.39
193914.1,-5.89
193810.3,-4.19
193708.4,-4.09
193605.1,-4.29
193503.6,-3.89
193394.7,-4.89
193284.2,-4.79
193160,-6.29
193040.6,-5.59
192916,-6.29
192792.1,-6.09
192663.2,-6.59
192535,-6.49
192408.1,-6.29
192270.3,-7.39
192142.2,-6.39
192004.9,-7.29
191867.6,-7.29
191742,-6.29
191620.4,-5.99
191502.3,-5.59
191373.9,-6.69
191253.5,-5.89
191134.9,-5.79
191018.9,-5.49
190898.3,-5.99
190777.7,-5.99
190664,-5.39
190551.5,-5.39
190443.2,-4.69
190325.6,-5.89
190209.2,-5.69
190095.5,-5.29
189978.2,-5.79
189871.1,-4.79
189762.9,-4.89
189655,-4.89
189549.2,-4.89
189455.3,-3.19
189362.2,-3.49
189272.3,-2.99
189177.9,-3.59
189077.4,-4.19
188976.2,-4.29
188867.7,-5.09
188761.3,-4.79
188654.6,-4.79
188538.8,-5.79
188421.7,-5.79
188303.3,-5.99
188182.5,-6.19
188066.9,-5.69
187944,-6.49
187828.9,-5.59
187700.8,-6.79
187571.4,-6.99
187441.2,-6.99
187310.1,-7.09
187174.3,-7.49
187039.5,-7.39
186902.6,-7.59
186765.7,-7.69
186639.6,-6.69
186510.1,-6.99
186375.2,-7.49
186235.6,-7.79
186090.8,-8.29
185953.7,-7.59
185813.1,-7.89
185670,-8.09
185535.4,-7.49
185399.2,-7.69
185265.1,-7.39
185125.4,-7.89
184980.5,-8.29
184842,-7.89
184710.1,-7.19
184571.9,-7.89
184437.2,-7.59
184302.1,-7.59
184169.3,-7.39
184031.3,-7.89
183901.2,-7.29
183775,-6.89
183633.1,-8.19
183494.8,-7.89
183361.1,-7.49
183227.4,-7.59
183085.9,-8.19
182957.9,-7.19
182837.7,-6.29
182702.8,-7.79
182564.8,-7.99
182434.6,-7.29
182303.3,-7.49
182175.3,-7.19
182041.6,-7.69
181907.9,-7.69
181775.2,-7.59
181648,-7.29
181528.4,-6.49
181398.8,-7.39
181268.2,-7.59
181151.8,-6.09
181026.3,-7.19
180891.7,-7.79
180760.4,-7.59
180633.9,-7.09
180506.8,-7.29
180382.6,-6.99
180265.1,-6.39
180152.3,-5.99
180040.8,-5.89
179929.3,-5.99
179828,-4.89
179719.7,-5.69
179613,-5.49
179508.7,-5.29
179408,-4.79
179306.3,-5.19
179209.7,-4.39
179111.6,-4.69
179010.2,-4.79
178893.3,-6.79
178785.2,-5.59
178681.7,-5.19
178572.8,-5.79
178469,-5.29
178368.5,-4.89
178260.4,-5.79
178149,-5.89
178027.2,-7.09
177908.3,-6.69
177783.5,-7.29
177651.6,-7.89
177521.5,-7.69
177393.6,-7.49
177264.4,-7.59
177128.5,-8.19
176996.6,-7.89
176865.4,-7.89
176742.7,-7.09
176622.5,-6.89
176506.4,-6.59
176391,-6.49
176267.1,-7.39
176148.7,-6.89
176034.6,-6.39
175915.5,-6.99
175799.8,-6.59
175680.8,-6.99
175560.3,-7.09
175439.4,-7.09
175319.8,-6.99
175199.2,-7.09
175076.4,-7.29
174949.3,-7.69
174827.3,-7.19
174705,-7.29
174589.2,-6.59
174469.5,-7.09
174356,-6.39
174233.6,-7.39
174118.8,-6.59
174005.6,-6.39
173888.1,-6.99
173775.5,-6.39
173670.5,-5.69
173563.3,-6.09
173463.7,-5.09
173360.7,-5.79
173264.1,-4.79
173167.4,-4.89
173065.1,-5.69
172967,-4.99
172864.9,-5.59
172760.1,-5.79
172648.6,-6.39
172528.8,-7.29
172409.2,-7.09
172287.4,-7.39
172166.2,-7.39
172049.3,-6.89
171931.5,-7.09
171818.1,-6.69
171705.1,-6.59
171590.7,-6.79
171472.6,-7.09
171355.5,-7.09
171241.5,-6.69
171124.5,-6.99
171022.6,-5.59
170919.8,-5.69
170808.4,-6.59
170696,-6.59
170585,-6.59
170480.9,-5.79
170380.1,-5.49
170278.7,-5.59
170178.3,-5.49
170071,-6.19
169958.9,-6.79
169855.8,-5.69
169755.1,-5.49
169652.2,-5.79
169547.9,-6.09
169452.2,-4.89
169355.6,-5.09
169254,-5.79
169154,-5.39
169047.8,-6.19
168938.3,-6.49
168823.6,-6.99
168718.9,-5.99
168617.3,-5.59
168507.2,-6.59
168396.6,-6.59
168285.7,-6.69
168176.8,-6.39
168059,-7.29
167939.6,-7.39
167818.3,-7.59
167706,-6.69
167590.1,-7.19
167476.8,-6.89
167348.8,-8.29
167232.3,-6.99
167115.3,-7.19
166995.9,-7.39
166873.3,-7.79
166756.8,-7.19
166643.4,-6.79
166522.5,-7.69
166401.1,-7.59
166273.7,-8.19
166156,-7.29
166035.8,-7.59
165913.1,-7.79
165791.9,-7.69
165673.1,-7.39
165545.6,-8.19
165414.8,-8.49
165289.8,-7.99
165167.8,-7.69
165051,-7.39
164944.5,-6.19
164836.7,-6.39
164718.7,-7.49
164606.2,-6.99
164500.9,-6.09
164394.6,-6.49
164292.1,-5.89
164190.6,-5.89
164088.4,-5.99
163986.1,-5.99
163882.6,-6.09
163779.9,-6.09
163686.7,-4.89
163585.8,-5.99
163488.3,-5.49
163388.2,-5.79
163287,-5.89
163183.7,-6.19
163086.3,-5.19
162971,-7.49
162871.8,-5.69
162767.1,-6.19
162651.1,-7.49
162536.1,-7.19
162415.5,-7.89
162301.9,-6.99
162184.4,-7.59
162070.8,-7.09
161958.1,-7.09
161845.3,-7.19
161739.4,-6.29
161632.1,-6.59
161523.2,-6.69
161407,-7.59
161303.8,-5.99
161199.2,-6.39
161094,-6.49
160991.6,-6.09
160887,-6.39
160783.1,-6.29
160684.1,-5.69
160581.2,-6.29
160491.4,-4.59
160393.7,-5.89
160297.9,-5.49
160203.3,-5.29
160103.8,-5.99
160005.7,-5.69
159904.8,-5.99
159798.4,-6.59
159687.8,-7.19
159586.8,-5.89
159482.5,-6.49
159382.4,-5.99
159280.5,-6.09
159159.4,-8.09
159043,-7.49
158927.6,-7.49
158812.3,-7.49
158697.8,-7.29
158575.3,-8.19
158448.5,-8.59
158330.3,-7.69
158211.8,-7.79
158094.3,-7.69
157978.2,-7.59
157850.6,-8.59
157729.3,-7.99
157609.8,-7.79
157479.2,-8.89
157345.7,-9.09
157214.4,-8.89
157093.6,-7.99
156977.1,-7.59
156863.8,-7.39
156749.6,-7.39
156627.6,-8.29
156512.7,-7.49
156397.9,-7.49
156279.2,-7.89
156158.6,-8.09
156041.2,-7.69
155921.2,-7.99
155799,-8.29
155683,-7.59
155569.9,-7.39
155459.6,-7.19
155349.7,-6.99
155231.5,-7.99
155111.9,-8.09
154999.7,-7.39
154891.7,-6.99
154785.6,-6.79
154679,-6.89
154571.9,-6.89
154458,-7.59
154349.1,-7.09
154242.5,-6.89
154137.3,-6.89
154042,-5.39
153935.5,-7.09
153833.5,-6.39
153736.2,-5.89
153635.1,-6.39
153531.6,-6.69
153429.9,-6.39
153326.7,-6.59
153220.3,-6.89
153115.1,-6.79
153010.5,-6.79
152906.8,-6.59
152803.1,-6.69
152700.9,-6.59
152601.8,-5.99
152496.3,-7.09
152396.5,-6.19
152295.5,-6.39
152191.7,-6.79
152088.6,-6.69
151987.5,-6.39
151886.1,-6.49
151786.2,-6.29
151684.7,-6.59
151583.2,-6.59
151486,-5.99
151388.4,-6.19
151292.6,-5.89
151196.7,-5.99
151100.4,-5.99
151003.4,-6.19
150906.8,-5.89
150804.8,-6.89
150707.5,-5.89
150604.2,-6.89
150499.1,-6.89
150389.5,-7.49
150282.5,-7.09
150173.9,-7.29
150067.2,-7.19
149964.4,-6.69
149856.3,-7.29
149747.5,-7.39
149640.7,-7.19
149536.6,-6.99
149439,-6.19
149339.3,-6.39
149233.5,-7.19
149134.6,-6.39
149035.7,-6.39
148930.5,-7.09
148817.7,-7.79
148707.2,-7.49
148593.8,-7.89
148480.9,-7.79
148370,-7.59
148263.4,-7.29
148162.7,-6.49
148060,-6.89
147958.3,-6.69
147854.7,-7.29
147766.6,-4.69
147662.9,-7.19
147558.5,-6.99
147451.2,-7.29
147342.8,-7.49
147238.2,-7.09
147138.4,-6.39
147027.2,-7.79
146910,-8.29
146797.8,-7.79
146689,-7.39
146575.6,-7.99
146472.7,-6.89
146368.2,-7.09
146261.9,-7.19
146150.5,-7.99
146046.4,-6.89
145940.6,-7.29
145833.1,-7.49
145730.2,-6.89
145622.5,-7.49
145515.9,-7.29
145410.6,-7.29
145310.1,-6.59
145206.1,-7.09
145094.9,-7.89
144981.2,-8.09
144874.4,-7.29
144760.8,-8.09
144653.6,-7.49
144554.1,-6.49
144450.7,-6.99
144338.7,-7.99
144227.4,-7.79
144116.1,-7.89
144011.5,-7.19
143911.6,-6.69
143807.5,-7.29
143703.1,-7.09
143594.6,-7.69
143485.7,-7.59
143370.9,-8.29
143261.1,-7.79
143155.5,-7.39
143054,-6.79
142948.6,-7.49
142846.7,-6.89
142743.6,-6.99
142629.7,-8.29
142519.9,-7.79
142414.1,-7.39
142304.7,-7.79
142195.1,-7.69
142082.1,-8.19
141969.2,-8.09
141857.9,-7.99
141749.2,-7.69
141638.3,-7.99
141534.3,-7.19
141428.8,-7.39
141316.5,-8.09
141204.9,-8.19
141101.4,-6.99
140991.1,-8.09
140884.6,-7.49
140772.8,-8.09
140663.9,-7.79
140557.6,-7.49
140451.5,-7.49
140343.6,-7.69
140233.7,-7.89
140123.9,-7.89
140012.5,-7.99
139898.7,-8.39
139790.4,-7.69
139685.8,-7.39
139577.9,-7.79
139478.5,-6.89
139373.7,-7.49
139269.4,-7.49
139168.9,-6.99
139066.6,-7.29
138967.2,-6.89
138865.7,-7.19
138761.6,-7.59
138663.7,-6.69
138563.4,-7.09
138462.9,-7.09
138362,-7.19
138267.1,-6.39
138172.9,-6.39
138067.5,-7.69
137964.2,-7.39
137863.4,-7.09
137760.9,-7.49
137664.7,-6.49
137559.4,-7.69
137453.6,-7.69
137350.6,-7.39
137251.8,-6.89
137151.1,-7.39
137058,-6.39
136970.7,-5.59
136877.6,-6.39
136779.6,-6.99
136690.1,-5.79
136592.1,-7.09
136495.4,-6.79
136399.6,-6.69
136303.9,-6.69
136209.5,-6.59
136120,-5.99
136031.5,-5.89
135944.3,-5.89
135861,-5.29
135779.6,-5.09
135697.3,-5.29
135618,-4.79
135539.1,-4.79
135460,-4.89
135383.2,-4.49
135306.6,-4.49
135229.7,-4.59
135157.8,-3.69
135081.2,-4.69
135007.3,-4.19
134935.1,-3.89
134863.5,-3.99
134796.5,-2.69
134723.5,-4.29
134652.4,-3.79
134583.3,-3.49
134519,-2.69
134456.7,-2.39
134392.5,-2.59
134323.2,-3.69
134254.3,-3.79
134191.6,-2.29
134131,-2.09
134064.5,-3.19
133997.4,-3.39
133933.3,-2.59
133869.3,-2.79
133807.5,-2.39
133746,-2.59
133686.2,-1.79
133623.5,-2.69
133563.7,-2.29
133507.5,-1.19
133451.5,-1.59
133395.5,-1.39
133339.8,-1.49
133285.4,-1.19
133233.8,-0.49
133181.7,-0.79
133129.6,-0.69
133072.3,-1.79
133014.7,-1.99
132962.1,-0.49
132909.4,-0.99
132856.7,-0.89
132804.6,-0.69
132753.1,-0.79
132702.8,-0.29
132653.6,-0.29
132604.7,0.11
132554.6,-0.39
132504.6,-0.89
132457.5,0.71
132412.9,0.51
132370,1.51
132326.1,0.81
132283.2,1.21
132238.7,0.81
132193.6,0.41
132150.1,1.11
132107.7,1.51
132065.1,1.11
132022.3,1.21
131980.1,1.31
131936.7,1.11
131892.7,0.51
131850.4,1.61
131809.3,1.51
131768.5,1.71
131727.9,1.71
131687.1,1.51
131647.6,2.01
131609.4,2.21
131571.9,2.81
131532,1.81
131493,1.41
131455.8,3.81
131419.4,2.31
131381.5,2.31
131346.5,3.31
131311,3.21
131274.5,2.51
131238.9,2.81
131203.9,3.91
131168.5,2.71
131130.6,2.11
131097,3.91
131063,3.41
131027.5,2.81
130993.4,3.31
130959.8,3.91
130926.6,3.61
130892.9,3.41
130860.1,3.81
130828,4.21
130791.8,2.91
130756.1,2.41
130721.2,3.51
130688.5,3.81
130655.8,3.91
130623.1,3.81
130590.5,3.71
130557.7,4.21
130524.8,3.51
130493.1,3.91
130460.9,4.81
130428,3.31
130393.5,3.41
130360.7,3.01
130329.5,4.91
130298,4.11
130266.4,4.21
130235,4.41
130202.2,3.51
130169.2,3.71
130137.4,4.21
130105.2,4.01
130072.6,3.81
130038.3,3.01
130005.8,4.21
129974.1,4.11
129941,3.51
129909.5,4.11
129879.3,4.91
129847.9,4.61
129816.6,3.61
129785.6,4.21
129754.9,5.71
129724.4,3.51
129693.3,4.11
129663.2,4.91
129634.1,5.01
129603.5,4.91
129572.6,3.71
129543.1,4.91
129513.1,5.01
129482.6,4.21
129452.3,4.71
129421.7,4.41
129389.3,4.21
129356.9,2.81
129324.4,4.61
129290.7,3.31
129257.2,3.41
129223.9,3.61
129192.1,4.01
129159.8,4.21
129127,3.51
129095.2,3.81
129063.1,4.41
129030.6,3.61
128998.2,3.41
128965.2,4.51
128931.2,2.91
128895.5,3.31
128859.3,1.91
128822.6,3.01
128785,2.11
128749.1,3.01
128713.2,2.81
128676.6,2.51
128642.3,3.41
128606.4,3.01
128569,2.11
128530,1.91
128491.1,1.71
128454.1,2.91
128417.6,2.61
128380.1,2.21
128341.7,2.11
128303.7,1.91
128266.8,2.61
128231.8,3.21
128195.2,2.81
128158.9,2.11
128122.9,3.11
128086.6,2.51
128050.5,3.21
128013.7,2.21
127975.5,2.11
127938.5,2.51
127900.1,2.31
127860.8,1.41
127820.9,1.81
127781,1.71
127739,1.11
127696.2,1.21
127651.8,0.41
127607,0.21
127562.8,1.01
127519.1,0.31
127479.3,2.01
127439.4,2.01
127396.9,0.81
127354.8,0.71
127313.4,2.01
127271.6,0.71
127232.5,2.11
127190.2,1.01
127147.7,0.91
127106.7,1.31
127065.4,2.01
127020.9,0.11
126975.9,0.41
126934.8,1.51
126892.7,0.91
126850.9,1.31
126809.2,1.21
126767.1,1.11
126724.9,1.01
126686,2.01
126646.6,1.91
126606.8,1.51
126566.1,1.71
126523.8,0.81
126482.3,1.31
126442.2,1.61
126401.8,1.81
126360.2,1.11
126317.9,0.71
126277.9,1.91
126234.1,0.61
126192.2,0.91
126152,2.01
126113.1,1.41
126075.2,2.51
126036.2,1.91
125994.9,1.51
125951.5,0.41
125908.8,0.61
125868.5,1.91
125828.8,1.61
125785.2,0.61
125743.7,1.31
125704,1.21
125665.6,2.71
125627.6,1.91
125589.6,2.21
125552.6,1.71
125516.6,3.41
125481.3,2.71
125445.5,2.21
125409.7,3.61
125373.6,2.11
125336,2.21
125296.7,2.21
125255.6,0.51
125214.7,1.31
125176.2,2.21
125137.3,1.81
125100,2.01
125062.1,2.81
125023.2,1.21
124984.7,2.01
124947,2.01
124909.5,2.41
124871.4,2.11
124830,1.01
124789.9,1.21
124751.3,2.71
124712.6,1.21
124672.7,1.91
124630.6,0.81
124592,2.21
124551.6,1.01
124511.5,1.41
124472.8,2.01
124434.4,2.11
124391.5,0.21
124351.1,2.01
124311.8,1.31
124272.5,1.81
124233.8,1.81
124194.6,2.11
124154.7,0.71
124115.5,2.01
124078.5,2.41
124040.5,2.21
124001.2,1.31
123961.9,1.71
123923.2,1.91
123884.1,1.71
123844.1,1.41
123804.2,1.41
123764.3,1.61
123724,1.31
123682.2,0.91
123642.6,1.31
123603.9,2.31
123565.4,1.41
123526.8,1.91
123487.5,1.71
123446.2,1.01
123404.8,0.91
123363.3,1.31
123321.5,0.71
123280.1,1.11
123237.4,0.91
123193.5,0.11
123152.1,1.11
123112.2,1.81
123072.3,1.31
123031.5,1.11
122991.7,1.31
122953.2,2.01
122913.9,1.81
122872.5,0.61
122832.1,1.31
122794.9,2.51
122757,1.51
122718.1,1.91
122678,1.21
122636.6,1.01
122595.5,1.21
122554.3,1.01
122512.7,1.01
122471.6,0.81
122433.3,2.11
122391.2,0.71
122350.5,0.81
122311.2,2.11
122272.3,1.51
122231.9,1.21
122190.9,1.01
122150,1.21
122109.4,0.91
122068.7,1.51
122027,0.71
121984.4,0.61
121942.3,0.91
121899.3,0.61
121856,0.31
121813.2,0.61
121771.5,1.01
121729.5,0.71
121686.3,0.41
121644.9,1.11
121603.8,0.81
121563.4,1.11
121523.2,1.51
121479.7,0.21
121439.7,1.61
121397.1,0.21
121354.1,0.71
121310.4,0.41
121265.2,-0.29
121220.5,0.11
121178,0.71
121134.2,0.31
121091.9,0.41
121051.6,1.71
121010.8,0.91
120967.8,0.51
120923.4,-0.09
120881.9,1.01
120838.7,0.31
120795.8,0.91
120750.4,-0.29
120704.3,-0.69
120659.4,0.51
120614.8,-0.09
120569.8,-0.09
120526,0.31
120480.5,-0.19
120435.6,-0.09
120391.6,0.21
120348.9,0.21
120306.4,1.21
120263.8,-0.19
120221.2,1.01
120177.3,0.01
120132.2,-0.09
120085.5,-0.59
120041.4,0.41
119995.2,-0.39
119947.9,-0.69
119901.1,-0.59
119854.4,-0.19
119808.3,-0.79
119763.6,0.31
119719.9,0.11
119675.3,0.11
119626.6,-0.99
119579.1,-0.69
119533.7,-0.09
119484.3,-1.19
119439.1,-0.29
119396.8,0.81
119355.4,0.41
119312.4,1.01
119265.7,-0.99
119217,-1.19
119170.4,-0.19
119123.7,-0.69
119079.2,0.11
119031.4,-0.79
118983.7,-0.79
118939,0.11
118892.3,-0.69
118845.2,-0.69
118798,-0.49
118749.8,-1.09
118702.3,-0.99
118656.4,0.01
118610.1,-0.59
118562.6,-0.89
118515,-0.79
118467.8,-0.89
118421,-0.29
118370.1,-1.89
118320.4,-1.29
118272.7,-0.69
118224.4,-1.09
118177.4,-0.59
118124.8,-1.99
118073.9,-1.59
118025.8,-0.79
117975.5,-1.49
117923.8,-1.69
117871.8,-1.89
117821.9,-1.29
117771.7,-1.49
117722,-1.29
117672.2,-1.49
117623.2,-0.99
117570.6,-1.79
117513.4,-3.29
117459.7,-1.99
117407,-1.59
117352.5,-2.79
117299.3,-1.79
117246.1,-1.89
117190.8,-2.79
117138.9,-1.59
117086.7,-1.79
117030.3,-2.79
116975.4,-2.49
116923.4,-1.79
116870.3,-2.09
116815.8,-2.39
116760.9,-2.49
116706.1,-2.29
116651.8,-2.79
116599.8,-1.39
116547.1,-2.29
116493.4,-2.09
116438.7,-2.79
116388.7,-1.09
116334.5,-2.59
116280.5,-2.29
116223.3,-2.99
116168.2,-2.59
116115.9,-1.99
116063.7,-1.69
116008.3,-2.89
115951.3,-2.79
115892.4,-3.39
115832.9,-3.39
115775,-3.19
115721.5,-2.09
115664.9,-2.99
115607.2,-3.19
115549.5,-2.99
115492.4,-3.19
115438.7,-2.09
115382.7,-2.89
115326.3,-2.89
115268.9,-3.09
115211.3,-3.19
115154.5,-2.89
115097.2,-3.09
115038,-3.29
114972.7,-4.69
114912.4,-3.39
114850.8,-3.69
114785.7,-4.59
114721.6,-4.29
114661,-3.49
114599.9,-3.89
114539.8,-3.59
114481.9,-3.19
114414.3,-4.99
114350.8,-3.99
114288.2,-3.99
114223.6,-4.39
114157.9,-4.59
114092,-4.69
114028.1,-4.29
113967.5,-3.69
113905.2,-3.89
113839.8,-4.79
113777,-3.99
113711.2,-4.49
113641.3,-5.49
113573.2,-4.99
113508.5,-4.49
113443.7,-4.29
113373.9,-5.49
113305.1,-5.19
113238.7,-4.59
113171.1,-4.99
113102.8,-5.09
113033.6,-5.29
112965.5,-5.19
112901,-4.19
112834.4,-4.99
112766.5,-5.19
112700.6,-4.49
112630.9,-5.49
112562.1,-5.49
112499.2,-3.89
112434.9,-4.69
112369.1,-4.69
112301.8,-5.19
112236.4,-4.59
112172.1,-4.49
112106.2,-4.99
112041.5,-4.49
111974.4,-5.09
111906.3,-5.29
111839.6,-4.89
111773.4,-4.89
111708.8,-4.79
111645.8,-4.09
111578.8,-5.19
111509.7,-5.29
111437.6,-6.09
111371.5,-4.99
111309.7,-3.89
111242.3,-5.29
111169.8,-6.19
111104.3,-4.59
111038.5,-4.99
110971.2,-5.19
110904.1,-5.19
110836.8,-5.19
110767.2,-5.39
110692.9,-6.59
110625.6,-4.99
110555.8,-5.59
110485.3,-5.79
110416.7,-5.39
110344.6,-5.79
110265.6,-7.29
110192.4,-5.99
110120,-5.89
110044.3,-6.69
109972.2,-5.89
109898.4,-6.39
109825.8,-5.99
109751.7,-6.39
109680.2,-5.79
109602.2,-6.99
109527.4,-6.29
109454.2,-6.29
109382.6,-5.99
109312.3,-5.79
109241.8,-5.89
109171.8,-5.79
109102.8,-5.59
109034.1,-5.69
108969.6,-4.99
108905,-4.99
108841.2,-4.99
108780.4,-4.29
108717.1,-4.89
108655,-4.39
108591.1,-5.19
108530.6,-4.29
108469.7,-4.39
108408.1,-4.69
108348.3,-4.39
108291,-3.69
108232.5,-4.19
108177.6,-3.39
108119.8,-3.99
108060.6,-4.19
108001.4,-4.49
107945.6,-3.49
107893.1,-3.09
107842.9,-2.39
107791.7,-2.89
107740.4,-2.69
107687.4,-3.29
107634.9,-2.99
107580.4,-3.49
107526.9,-3.29
107473.1,-3.29
107416.7,-3.89
107360.7,-3.79
107305.2,-3.49
107248.5,-4.19
107192.9,-3.79
107139.7,-2.89
107080.6,-4.59
107021,-4.49
106961,-4.59
106901.6,-4.49
106843.4,-4.19
106786.1,-4.09
106729.5,-3.99
106671.6,-4.19
106612.7,-4.49
106555,-4.09
106496.8,-4.19
106435.8,-4.89
106375,-4.79
106318.1,-4.19
106263.6,-3.29
106206.5,-4.29
106148.4,-4.39
106091.7,-3.89
106034.6,-4.19
105977.3,-4.19
105921.1,-3.89
105861.8,-4.49
105800.8,-4.99
105740.7,-4.59
105680.4,-4.79
105619.6,-4.79
105557.3,-5.19
105496.7,-4.89
105439.3,-3.89
105375.8,-5.39
105309.1,-5.99
105246.5,-4.89
105184.8,-4.99
105120.7,-5.49
105057.6,-4.99
104991.1,-6.09
104927.9,-5.09
104858,-6.49
104790.8,-5.69
104721.8,-6.19
104651.7,-6.59
104585.9,-5.49
104518.5,-5.99
104451.9,-6.19
104390.8,-4.49
104327.8,-5.39
104266.5,-4.99
104206,-5.19
104148.6,-3.99
104091,-4.49
104031.6,-4.79
103971.9,-4.79
103913.8,-4.69
103858.4,-3.49
103801.7,-4.69
103745.8,-3.99
103690.1,-4.09
103633.3,-4.39
103577.9,-4.09
103522.1,-3.99
103461.7,-5.39
103405.4,-4.09
103352.3,-3.49
103299.4,-3.59
103245.4,-3.79
103190.2,-4.19
103137.6,-3.49
103085.2,-3.59
103032.8,-3.59
102979,-3.89
102927.6,-3.29
102873.8,-3.89
102820.4,-3.69
102766.8,-4.09
102715.3,-3.09
102664.1,-3.69
102615.8,-2.69
102569.2,-1.99
102520.2,-3.29
102471.4,-2.79
102421.8,-2.99
102370.1,-3.59
102317.9,-3.49
102263.3,-4.09
102207.6,-4.39
102152.1,-4.09
102097.6,-4.39
102046.1,-3.09
101994.9,-3.49
101943.1,-3.49
101890.8,-3.69
101837.7,-3.79
101782.8,-4.19
101732.4,-3.19
101679.2,-3.89
101630,-2.99
101576.4,-3.99
101523.7,-3.69
101470.8,-3.99
101420.4,-3.09
101368.7,-3.59
101315.7,-4.09
101264.4,-3.29
101212.4,-3.49
101159,-4.29
101105.3,-3.49
101050,-4.79
100996.3,-3.79
100944,-3.79
100893.1,-3.39
100841.6,-3.39
100786.9,-4.39
100735.6,-3.39
100682.6,-3.89
100627.5,-4.29
100571.7,-4.49
100517.7,-3.89
100462.1,-4.39
100404.3,-4.79
100346.4,-5.09
100292.3,-3.89
100239.6,-3.89
100187.5,-3.59
100130.2,-4.89
100078,-3.69
100022.7,-4.49
99969.56,-3.79
99914.62,-4.39
99859.19,-4.59
99806.5,-4.09
99756.17,-2.89
99706,-3.89
99655.86,-2.99
99604.64,-3.79
99551.45,-3.89
99497.91,-4.59
99446.69,-2.89
99392.99,-4.69
99341.69,-3.39
99290.93,-3.69
99241.41,-3.09
99188.97,-3.99
99134.75,-4.29
99079.98,-4.39
99027.08,-3.99
98977.05,-3.39
98929.8,-2.69
98876.77,-4.09
98823.55,-3.99
98769.04,-4.69
98718.46,-3.09
98666.07,-4.09
98613.05,-4.29
98562.05,-3.39
98511.74,-3.59
98461.47,-3.49
98411.25,-3.59
98360.12,-3.49
98308.66,-4.39
98257.59,-2.79
98203.81,-4.99
98150.33,-3.89
98098.49,-3.99
98047.46,-3.49
97995.8,-3.99
97944.13,-3.49
97890,-4.69
97840.47,-3.09
97788.51,-3.99
97734.15,-4.39
97676.96,-5.09
97628.37,-2.89
97575.64,-4.09
97521.49,-4.49
97470.19,-3.89
97421.61,-2.99
97371.57,-3.59
97320.02,-4.09
97268.57,-3.39
97213.34,-5.09
97161.55,-3.99
97112.5,-2.49
97060.35,-4.59
97007.56,-4.19
96955.92,-3.49
96902.67,-4.49
96849.39,-4.29
96797.04,-3.79
96742.89,-4.59
96689.59,-4.19
96636.26,-4.19
96581.32,-4.59
96527.83,-4.29
96474.5,-4.19
96420.04,-4.59
96367.91,-4.09
96318.35,-3.39
96269.16,-3.39
96219.9,-3.69
96172.8,-2.89
96126.66,-2.69
96078.5,-3.39
96034.3,-2.29
95990.86,-1.99
95943.16,-3.19
95891.26,-3.99
95833.01,-5.39
95779.69,-4.29
95726.84,-4.19
95674.61,-4.19
95624.09,-3.49
95570.52,-4.69
95519.38,-3.89
95469.23,-3.29
95416.2,-4.89
95365.71,-3.49
95316.7,-3.39
95267.15,-3.69
95217.15,-3.59
95166.09,-3.99
95114.25,-4.09
95062.84,-4.09
95012.06,-3.69
94959.98,-3.99
94907.84,-4.79
94858.19,-2.79
94807.5,-4.19
94753.67,-4.29
94698.17,-5.19
94645.7,-4.09
94595.27,-3.79
94545.12,-3.89
94495.81,-3.49
94445.28,-3.69
94390.84,-4.89
94337.06,-4.39
94282.84,-4.59
94231.96,-3.89
94174.41,-5.29
94119.95,-4.69
94067.8,-4.09
94015.96,-4.19
93964.18,-4.19
93911.53,-3.99
93857.85,-5.19
93806.23,-3.49
93754.65,-4.39
93701.73,-4.19
93647.24,-4.89
93594.31,-4.49
93544.41,-3.39
93491.38,-4.59
93435.85,-4.89
93379.07,-5.09
93323.03,-5.09
93268.62,-4.59
93214.59,-4.59
93161.2,-4.59
93108.11,-4.19
93053.48,-4.89
92998.18,-4.99
92943.5,-4.59
92885.65,-5.49
92828.09,-5.29
92773.16,-4.89
92721.45,-4.19
92670.22,-3.49
92612.16,-5.99
92554.62,-5.09
92497.57,-5.19
92439.02,-5.59
92382.71,-4.99
92323.24,-5.89
92268.78,-4.39
92213.77,-4.99
92158.95,-4.99
92105.98,-4.39
92053.54,-4.19
91998.96,-4.89
91942.38,-5.19
91884.26,-5.49
91824.88,-5.69
91764.38,-5.89
91705.36,-6.09
91651.52,-4.19
91598.14,-4.59
91542.13,-5.09
91483.52,-5.69
91436.36,-3.29
91382.74,-4.69
91329.07,-4.69
91275.23,-4.69
91221.95,-4.69
91171.09,-4.29
91123.22,-3.19
91073.23,-3.99
91020.08,-4.79
90967.26,-4.49
90915.37,-4.49
90863.12,-3.99
90807.3,-5.39
90750.59,-5.49
90697.11,-4.49
90645.51,-4.29
90594.62,-4.09
90543.15,-4.39
90492.44,-4.19
90441.7,-3.89
90385.3,-5.39
90328.54,-5.39
90273.29,-4.89
90215.65,-5.59
90158.63,-5.69
90104.93,-4.39
90052.15,-4.79
89999.58,-4.39
89946.24,-4.89
89893.27,-4.49
89838.76,-4.99
89781.33,-5.49
89724.59,-5.39
89668.38,-4.99
89608.51,-6.29
89549.95,-5.69
89493.46,-5.09
89433.2,-6.19
89376.96,-5.19
89318.27,-5.79
89260.06,-5.89
89204.38,-4.99
89149.34,-5.09
89093.06,-5.29
89034.55,-5.79
88974.01,-6.19
88916.37,-5.09
88856.26,-6.69
88799.31,-4.79
88740.26,-6.09
88681.59,-5.69
88620.66,-6.29
88562.36,-5.89
88506.76,-4.69
88448.07,-5.79
88383.18,-6.99
88318.63,-6.79
88256.55,-6.39
88197.85,-5.89
88142.62,-4.89
88084.86,-5.79
88032.79,-4.59
87977.27,-5.29
87922.59,-4.99
87868.45,-5.29
87816.4,-3.99
87761.21,-5.59
87704.74,-5.49
87649.53,-5.19
87595.56,-4.89
87541.98,-5.09
87491.29,-4.19
87439.8,-4.59
87388.33,-4.49
87336.99,-4.49
87282.97,-5.09
87235.64,-3.59
87185.7,-4.29
87136.91,-3.99
87088.73,-3.79
87037.86,-4.49
86986.69,-4.49
86935.41,-4.49
86883.52,-4.69
86834.85,-3.99
86787.34,-3.69
86737.78,-4.19
86688.13,-4.19
86638.54,-4.29
86592.29,-3.19
86542.64,-4.49
86494.41,-3.89
86446.87,-3.69
86398.8,-3.89
86352.66,-4.09
86309.02,-1.89
86264.16,-3.49
86216.18,-4.09
86168.39,-3.89
86121.38,-3.59
86073.3,-3.89
86024.36,-4.59
85980.7,-2.49
85935.09,-3.49
85885.66,-4.29
85839.48,-3.59
85795.44,-3.09
85752.76,-2.59
85709.41,-2.89
85665.11,-3.29
85620.25,-3.09
85575.11,-3.59
85531.59,-2.79
85488.73,-2.69
85442.43,-3.69
85396.8,-3.49
85351.32,-3.09
85305.68,-4.19
85261.08,-2.59
85217.63,-3.39
85174.18,-2.59
85130.3,-3.39
85090.98,-1.69
85048.65,-2.69
85005.39,-3.19
84961.11,-2.69
84917.51,-3.99
84876.48,-1.79
84837.49,-1.79
84794.62,-2.99
84752.11,-2.69
84708.8,-2.89
84665.84,-3.39
84623.62,-2.09
84580.09,-3.29
84537.19,-2.89
84494.84,-2.69
84453.42,-2.99
84413.95,-1.59
84375.5,-1.79
84336.02,-2.09
84296.64,-2.09
84257.71,-1.99
84218.01,-1.79
84177.27,-2.79
84137.89,-1.79
84094.57,-3.29
84052.41,-2.49
84009.7,-2.99
83966.59,-3.09
83924.55,-2.79
83884.49,-2.09
83841.72,-2.89
83800.29,-3.09
83760.27,-1.19
83718.79,-2.89
83674.56,-3.69
83632.83,-2.39
83589.23,-3.19
83547.02,-2.89
83505.55,-2.29
83464.11,-2.99
83422.87,-2.49
83382.31,-2.29
83338.54,-3.29
83294.14,-3.19
83248.05,-4.09
83202.98,-3.09
83157.38,-3.89
83110.54,-3.59
83063.79,-4.39
83018.3,-3.29
82973.68,-3.39
82928.98,-3.59
82886.74,-2.69
82842.87,-3.49
82800.9,-1.99
82755.88,-4.09
82709.46,-3.69
82663.56,-3.69
82616.7,-3.69
82567.8,-4.59
82518.77,-4.59
82472.42,-3.69
82427.73,-3.29
82380.91,-3.99
82331.91,-4.39
82280.34,-4.99
82229.51,-4.79
82181.58,-4.09
82131.63,-4.59
82080.88,-4.79
82033.02,-4.09
81982.23,-4.89
81934.86,-3.99
81888.4,-3.79
81839.52,-4.49
81792.51,-3.99
81746.21,-3.69
81698.53,-4.19
81649.99,-4.39
81601.12,-4.39
81552,-4.59
81504.16,-4.29
81456.76,-3.69
81408.61,-4.69
81359.41,-3.99
81310.66,-5.29
81263.82,-3.19
81217.17,-4.29
81169.23,-4.29
81120.88,-4.19
81070.61,-4.79
81019.16,-5.09
80968.71,-4.79
80919,-4.49
80870.02,-4.89
80824.3,-3.39
80778.62,-3.59
80727.32,-5.29
80678.79,-4.09
80626,-5.59
80576.62,-4.29
80526.63,-4.89
80478.94,-4.09
80431.56,-4.19
80385.85,-3.79
80331.76,-5.59
80282.46,-4.49
80229.9,-5.39
80180.29,-4.39
80123.39,-6.49
80070.88,-4.99
80020.01,-4.99
79968.85,-4.79
79916.73,-5.69
79867.15,-4.39
79818.84,-4.29
79769.12,-4.79
79718.61,-4.99
79667.91,-4.69
79615.38,-5.49
79562.65,-5.49
79511.75,-4.89
79460.71,-4.59
79405.48,-5.99
79347.52,-6.69
79294.77,-5.09
79243.13,-4.99
79187.91,-5.99
79134.23,-5.49
79081.77,-5.29
79026.43,-5.89
78971.27,-5.79
78915.77,-5.99
78860.46,-5.69
78803.99,-6.09
78746.24,-6.39
78688.48,-6.39
78633.6,-5.79
78578.66,-5.79
78521.75,-6.39
78467.89,-5.59
78416.56,-4.99
78364.95,-5.09
78313.07,-5.69
78261.71,-4.49
78208.31,-6.09
78154.91,-5.39
78102.57,-5.29
78050.09,-5.39
77996.55,-5.49
77940.52,-6.19
77885.04,-5.99
77827.92,-6.29
77770.63,-6.49
77716.32,-5.69
77662.61,-5.39
77607.9,-6.29
77552.72,-5.29
77492.7,-7.39
77438.53,-5.59
77386.21,-5.39
77330.61,-5.99
77273.68,-6.19
77215.8,-6.79
77161.16,-5.59
77107,-5.69
77051.18,-6.29
76994.91,-5.99
76936.16,-6.69
76874.26,-7.19
76814.8,-6.89
76757.64,-6.09
76700.38,-6.69
76645.12,-5.79
76589.41,-6.19
76536.7,-5.49
76482.08,-5.89
76428.02,-5.89
76376.4,-5.29
76324.91,-5.39
76273.91,-5.19
76223.53,-5.09
76172.84,-5.09
76120.52,-5.49
76068.18,-5.89
76018.51,-4.39
75968.84,-5.39
75919.84,-4.59
75871.12,-4.99
75823.27,-4.49
75775.55,-4.59
75727.63,-4.79
75683.32,-3.69
75640.88,-3.29
75597.69,-3.89
75555.73,-2.79
75512.52,-3.69
75467.02,-4.19
75420.76,-4.39
75374.07,-4.19
75325.48,-5.09
75278.93,-4.29
75234.73,-3.79
75185.66,-4.99
75140.15,-4.09
75092.02,-4.79
75043.82,-4.79
74997.11,-4.69
74951.8,-3.49
74903.27,-5.19
74851.99,-5.29
74799.5,-5.89
74747.86,-5.39
74696.36,-5.49
74644.3,-5.49
74590.27,-6.19
74540.68,-4.79
74483.98,-6.59
74430.98,-5.69
74375.91,-6.29
74322.88,-5.39
74266.97,-6.79
74213.14,-5.69
74159.93,-5.79
74105.98,-6.09
74051.31,-5.79
73993.81,-6.89
73937.23,-6.39
73879.61,-6.69
73820.99,-6.89
73762.34,-6.79
73703,-6.89
73641.57,-7.39
73579,-7.49
73517.59,-7.39
73456.01,-7.09
73391.34,-8.09
73329.41,-7.49
73272.08,-6.49
73214.86,-6.79
73157.88,-6.29
73099.45,-7.29
73043.64,-6.09
72987.59,-6.49
72932.45,-6.29
72879.55,-5.79
72825.47,-6.09
72771.23,-6.19
72717.86,-5.89
72664.46,-5.99
72612.29,-5.89
72561.27,-5.09
72508.79,-6.09
72454.86,-5.99
72399.98,-6.39
72345.94,-6.19
72295.62,-5.19
72246.05,-5.19
72195.73,-5.39
72144.12,-5.59
72090.59,-6.29
72042.79,-4.39
71988.23,-6.49
71930.99,-6.89
71883.7,-4.59
71834.8,-5.19
71787.89,-4.69
71741.35,-4.69
71695.91,-4.19
71649.08,-4.79
71601.38,-4.79
71553.57,-5.19
71505.91,-4.39
71456.12,-5.59
71404.3,-5.79
71352.49,-5.89
71300.48,-5.49
71245.63,-6.69
71192.71,-5.79
71139.64,-5.99
71082.35,-6.89
71026.38,-6.49
70969.32,-6.89
70911.81,-6.69
70852.49,-7.39
70793.77,-7.09
70738.15,-6.39
70681.65,-6.69
70627.33,-6.09
70566.64,-7.49
70503.59,-7.99
70441.96,-7.69
70386.3,-6.39
70321.97,-7.99
70256.85,-8.09
70190.94,-8.39
70126.72,-7.89
70059.09,-8.79
69993.61,-7.99
69925.31,-8.89
69860.4,-8.09
69795.61,-8.09
69729.24,-8.59
69668.66,-7.29
69608.06,-7.69
69549.45,-6.89
69490.74,-7.29
69434.29,-6.69
69376.24,-6.99
69317.97,-7.19
69258.69,-6.89
69194.12,-8.39
69126.57,-8.59
69059.06,-8.69
68994.38,-8.19
68934.06,-7.39
68872.2,-7.69
68811.41,-7.99
68753.66,-6.19
68690.27,-8.39
68625.52,-8.19
68562.52,-8.19
68503.09,-6.89
68441.36,-7.89
68375.73,-8.49
68312.25,-7.99
68248.79,-7.89
68182.92,-8.49
68117.46,-8.29
68052.18,-8.49
67988.89,-7.89
67922.29,-8.69
67858.85,-8.09
67797.21,-7.59
67733.09,-8.29
67669.24,-8.29
67608.18,-7.49
67546.31,-7.69
67480.23,-8.79
67421.87,-6.89
67359.89,-8.09
67297.33,-7.89
67233.83,-8.19
67168.94,-8.19
67102.17,-8.89
67037.45,-8.19
66971.49,-8.49
66905.41,-8.59
66840.67,-8.29
66778.52,-7.79
66712.84,-8.59
66647.98,-8.39
66584.99,-7.99
66524.7,-7.49
66460.48,-8.59
66397.72,-7.79
66333.24,-8.39
66270.34,-8.19
66208.99,-7.69
66147.48,-7.99
66087.94,-7.39
66022.88,-8.79
65965.74,-6.79
65909.3,-6.69
65849.3,-7.89
65788.09,-7.79
65725.72,-7.99
65663.05,-8.29
65602.83,-7.29
65540.73,-8.19
65481.62,-7.39
65419.54,-8.09
65359.1,-7.79
65300.45,-7.19
65240.5,-7.69
65177.35,-8.29
65116.96,-7.79
65057.54,-7.39
64996.66,-8.09
64937.45,-7.49
64884.15,-6.49
64832.61,-6.09
64777.68,-6.79
64721.55,-6.89
64664.57,-7.89
64611.23,-5.59
64557.63,-7.29
64506.12,-5.79
64454.43,-5.89
64397.55,-7.49
64337.41,-7.79
64275.57,-7.99
64213.04,-8.29
64151.11,-7.89
64087.83,-8.39
64025.16,-8.19
63960.85,-8.19
63892.85,-9.49
63833.86,-7.39
63774.4,-7.59
63711.55,-8.39
63650.02,-8.09
63592.26,-7.19
63534.1,-7.49
63474.03,-7.79
63413.71,-7.89
63355.27,-7.89
63300.73,-6.19
63243.56,-7.49
63183.74,-7.79
63125.52,-7.59
63069.18,-7.19
63013.77,-6.99
62958.61,-6.89
62902.05,-7.09
62842.99,-7.89
62786.31,-7.19
62729.62,-7.29
62675.68,-6.69
62622.91,-6.59
62571.2,-6.19
62518.77,-6.49
62465.75,-6.69
62413.98,-6.39
62363.1,-5.89
62310.51,-6.59
62257.05,-7.09
62205.55,-5.99
62154.48,-6.29
62103.43,-6.29
62053.36,-6.09
62003.83,-5.79
61954.7,-6.09
61905.46,-5.39
61854.32,-6.69
61804.14,-6.09
61756.12,-5.39
61707.34,-5.69
61656.52,-6.49
61605.86,-6.19
61556.01,-5.89
61507.53,-6.19
61461.53,-4.79
61415.91,-4.99
61367.92,-5.69
61318.93,-6.19
61271.19,-5.19
61222.13,-5.89
61171.66,-6.49
61122.82,-5.59
61073.68,-5.89
61023.12,-6.29
60973,-6.19
60924.57,-5.59
60876.66,-5.79
60829.5,-5.29
60780.1,-6.29
60735.82,-4.69
60691.46,-4.89
60647.65,-4.89
60603.56,-4.29
60556.23,-5.89
60508.09,-6.09
60462.12,-4.79
60416.6,-5.19
60370.16,-5.49
60325.15,-5.29
60283.93,-3.79
60238.74,-5.09
60188.67,-6.29
60142.68,-5.29
60098.79,-5.19
60055.88,-3.49
60011.64,-6.09
59967.62,-4.39
59925.3,-4.39
59882.17,-4.69
59838.43,-4.79
59794.35,-4.89
59750.33,-4.79
59706.03,-5.09
59661.82,-4.79
59618.91,-4.89
59577.29,-3.89
59534.86,-4.69
59492.79,-4.49
59452.11,-4.19
59412.37,-3.59
59371.3,-3.79
59327.15,-5.39
59283.47,-4.69
59239.87,-4.89
59199.42,-3.89
59157.86,-4.09
59116.41,-5.09
59075.2,-3.39
59032.36,-4.99
58990.2,-4.29
58944.47,-5.59
58901.39,-4.29
58857.5,-5.09
58812.69,-4.99
58767.59,-5.19
58721.52,-5.29
58673.62,-5.89
58624.3,-6.19
58576.62,-5.99
58533.96,-4.29
58490.12,-4.89
58443.31,-5.69
58397.41,-5.49
58353.21,-4.79
58308.32,-4.99
58260.4,-5.69
58211.71,-6.79
58166.32,-4.59
58124.02,-4.79
58082.88,-3.99
58039.02,-4.99
57997.37,-4.29
57953.9,-4.79
57908.76,-5.39
57862.46,-5.29
57816.89,-5.89
57772.52,-4.39
57727.23,-5.59
57681.91,-5.19
57636.03,-5.39
57586.31,-6.19
57539.34,-5.59
57487.95,-6.69
57441.39,-5.49
57393.95,-5.69
57344.52,-6.29
57295.21,-6.19
57246.61,-6.09
57197.99,-5.69
57145.92,-7.19
57097.11,-5.89
57049.55,-5.59
57000.04,-6.39
56948.4,-6.39
56893.26,-7.69
56843.66,-5.79
56788.98,-7.39
56734.66,-7.19
56684.11,-6.39
56633.58,-6.39
56578.72,-7.39
56525.7,-6.99
56474.97,-6.39
56425.6,-6.29
56377.61,-5.89
56330.04,-5.79
56282.05,-5.89
56230.5,-6.89
56183.3,-5.69
56137.64,-5.39
56089.79,-5.89
56041.52,-6.09
55996.3,-5.09
55949.14,-5.89
55902.28,-5.99
55857.6,-4.89
55812.7,-5.19
55766.3,-5.79
55720.22,-5.69
55674.6,-4.99
55625.62,-6.49
55574.93,-6.39
55522.79,-6.99
55471.91,-6.69
55423.07,-5.89
55373.32,-6.49
55323.52,-6.49
55275.27,-5.89
55227.31,-5.99
55179.79,-6.09
55137.46,-4.49
55094.29,-4.89
55051.02,-4.99
55006.8,-4.79
54960.78,-6.09
54914.01,-5.59
54867.96,-5.79
54822.36,-5.29
54777.31,-5.59
54734.64,-4.59
54690.15,-5.29
54647.19,-4.59
54601.23,-5.79
54553.46,-5.99
54506,-6.29
54460.41,-5.19
54415.83,-5.39
54372.14,-5.29
54330.65,-4.39
54290.97,-4.09
54251.58,-3.99
54211.9,-4.09
54172.01,-4.29
54131.98,-4.09
54091.02,-4.49
54049.97,-4.19
54007.11,-5.29
53965.82,-4.89
53925.64,-3.39
53882.2,-5.39
53835.17,-5.89
53788.87,-5.69
53744.43,-5.29
53701.86,-5.19
53660.58,-3.69
53617.65,-5.19
53573.07,-5.79
53530.49,-4.39
53486,-5.49
53442.02,-5.09
53395.21,-6.19
53351.77,-4.79
53307.54,-5.19
53262.03,-5.89
53215.98,-5.39
53169.91,-5.99
53123.55,-5.39
53076.11,-6.39
53031.2,-5.39
52990.07,-4.39
52946.67,-5.49
52905.91,-3.69
52863.8,-5.09
52818.95,-5.39
52773.84,-5.89
52730.7,-4.59
52685.17,-5.79
52640.77,-5.19
52592.01,-6.49
52545.18,-5.69
52497.07,-6.49
52452.21,-5.09
52407.25,-5.59
52360.7,-5.69
52313.16,-6.29
52265.6,-5.89
52218.11,-6.19
52170.18,-6.09
52121.51,-6.29
52072.11,-6.49
52022.1,-6.49
51971.93,-6.99
51924.43,-5.79
51877.62,-5.79
51828.61,-6.49
51779.23,-6.59
51732.49,-5.69
51683.07,-6.59
51635.27,-6.19
51590.29,-5.39
51537.92,-7.19
51488.23,-6.59
51440.27,-6.29
51397.06,-4.79
51350.39,-6.19
51302.14,-6.19
51252.64,-6.59
51203.16,-6.69
51155.59,-6.19
51109.22,-5.59
51062.89,-6.09
51016.18,-5.79
50967.67,-6.19
50916.6,-7.29
50865.82,-6.59
50816.88,-6.79
50769.23,-5.59
50719.98,-6.79
50671,-6.79
50624.79,-5.19
50576.48,-6.59
50527.29,-6.69
50480.3,-5.89
50432.12,-6.29
50380.86,-7.09
50331.06,-6.49
50278.03,-7.49
50226.88,-6.79
50175.56,-7.19
50125.65,-6.39
50074.08,-7.29
50023.48,-6.69
49973.27,-6.79
49924.27,-6.69
49877.94,-5.69
49831.09,-6.09
49783.26,-6.19
49730.77,-7.29
49678.29,-7.39
49630.21,-6.09
49580.36,-6.69
49527.56,-7.59
49479.24,-6.09
49431.25,-6.39
49384.91,-5.89
49338.72,-5.99
49292.14,-5.89
49241.26,-7.09
49192.35,-6.39
49141.03,-7.09
49086.73,-7.69
49034.93,-7.09
48983.3,-6.99
48928.23,-8.09
48879.44,-6.39
48833.5,-5.79
48784.05,-6.79
48736.57,-6.19
48692.99,-5.39
48648.72,-5.39
48602.12,-6.29
48555.52,-6.09
48509.43,-5.89
48463.63,-6.09
48417.71,-5.69
48371.57,-6.29
48325.98,-5.79
48281.58,-5.79
48242.04,-4.09
48198.68,-5.59
48154.61,-5.39
48109.62,-5.89
48064.81,-5.89
48020.9,-5.29
47977.11,-5.59
47933.21,-5.59
47890.99,-4.99
47845.71,-5.99
47801.11,-5.59
47758.17,-5.69
47716.95,-4.39
47677.05,-4.79
47637.94,-4.19
47597.68,-4.59
47559.11,-4.79
47521.96,-3.19
47485.86,-3.69
47447.57,-3.99
47407.35,-4.89
47365.88,-4.79
47323.66,-5.29
47281.06,-5.19
47238.7,-5.19
47195.91,-5.49
47155.44,-4.39
47113.54,-4.89
47070.07,-5.99
47027.68,-5.19
46988.48,-4.29
46951,-3.39
46911.05,-5.39
46869.79,-4.49
46828.84,-5.19
46788.58,-4.59
46744.11,-5.79
46700.24,-5.29
46656.7,-6.19
46613.79,-4.39
46569.89,-5.99
46524.23,-6.09
46479.5,-5.69
46434.43,-5.89
46389.91,-5.69
46344.09,-6.09
46297.94,-6.09
46252.01,-6.19
46206.55,-5.79
46160.34,-6.29
46112.75,-6.29
46063.94,-6.89
46014.79,-6.79
45965.71,-6.69
45916.2,-6.89
45866.26,-6.89
45816.45,-7.09
45767.05,-6.69
45716.84,-6.99
45665.17,-7.49
45613.02,-7.29
45561.16,-7.59
45511.6,-6.89
45463.13,-6.29
45412.66,-7.29
45359.75,-7.59
45305.54,-7.89
45251.59,-7.89
45199.3,-7.29
45146.11,-7.69
45093.04,-7.69
45043.59,-6.79
44994,-6.79
44940.68,-7.79
44888.11,-7.49
44841.17,-6.29
44791.96,-6.89
44743.7,-6.69
44695.8,-6.49
44645.71,-7.19
44596.15,-6.99
44548.91,-6.49
44503.77,-5.99
44458.32,-5.59
44410.03,-7.09
44361.22,-7.19
44314.2,-5.89
44267.99,-6.59
44222.64,-5.89
44178.16,-5.69
44132.33,-6.29
44086.7,-6.09
44041.03,-6.19
43996.14,-5.89
43948.86,-6.49
43899.79,-7.09
43850.46,-6.69
43799.93,-7.59
43751.54,-6.19
43701.25,-7.59
43651.94,-6.89
43603.91,-6.69
43555.25,-6.59
43504.62,-7.49
43454.32,-7.29
43404.54,-6.59
43352.32,-7.99
43300,-7.29
43245.52,-8.09
43190.34,-8.19
43136.67,-7.89
43083.15,-7.79
43029.64,-7.89
42977.34,-7.49
42923.95,-8.09
42872.74,-7.29
42822.2,-6.99
42770.77,-7.79
42719.98,-6.89
42669.92,-7.89
42622.15,-5.79
42572.65,-7.69
42523.38,-6.89
42475.59,-6.69
42429.02,-6.59
42385.37,-5.49
42339.34,-6.39
42287.24,-7.69
42239.66,-6.69
42191.3,-6.89
42141.84,-7.09
42091.43,-7.19
42035.56,-8.49
41985.08,-7.19
41933.61,-7.49
41880.45,-7.89
41827.58,-7.79
41774.57,-7.79
41721.42,-7.99
41670.59,-7.59
41623.11,-6.29
41576.72,-6.59
41530.12,-6.29
41479.73,-7.49
41428.01,-7.59
41376.79,-7.69
41328.59,-6.69
41280.5,-6.79
41231.25,-7.29
41184.94,-6.29
41135.74,-7.19
41087.78,-6.79
41036.64,-7.59
40988.28,-6.89
40933.57,-8.29
40882.8,-7.19
40828.71,-8.19
40774.01,-8.29
40720.94,-8.09
40670.9,-7.09
40621.89,-6.99
40572.62,-7.29
40523.64,-6.99
40474.54,-7.09
40425.42,-7.29
40377.23,-6.79
40330.07,-7.09
40288.73,-4.99
40244.67,-5.89
40198.59,-6.79
40155.59,-5.49
40113,-5.59
40070.61,-5.89
40028.13,-5.19
39983.01,-6.59
39937.98,-6.19
39894.93,-5.89
39853.3,-5.39
39811.84,-5.49
39770.06,-5.49
39727.55,-5.69
39683.96,-6.09
39641.65,-5.59
39599.72,-5.39
39557.07,-6.29
39514.19,-4.89
39470.16,-6.69
39424.8,-6.29
39381.23,-6.19
39342.2,-4.59
39300.89,-4.99
39255.55,-6.89
39210.05,-6.29
39166.6,-6.19
39126.34,-5.19
39090.09,-3.69
39052.15,-4.29
39013.54,-5.49
38974.4,-4.19
38934.78,-5.29
38894.37,-5.19
38853.3,-5.09
38810.27,-6.19
38765.19,-5.89
38719.43,-7.19
38673.77,-5.89
38628.04,-6.99
38583.58,-5.89
38537.04,-6.89
38494.13,-5.69
38446.93,-6.99
38399.3,-6.89
38352.83,-6.99
38309.07,-5.69
38264.41,-6.09
38216.42,-7.19
38165.76,-7.59
38114.12,-7.89
38063.5,-7.69
38014.64,-6.99
37965.91,-7.09
37917.01,-7.49
37868.92,-6.79
37820.84,-7.09
37772.2,-7.29
37723.95,-7.09
37676.48,-6.89
37628.89,-6.89
37579.68,-7.39
37529.24,-7.59
37477.84,-7.69
37426.02,-8.09
37376.93,-7.09
37328.79,-7.09
37280.87,-7.09
37232.45,-6.99
37180.07,-8.29
37130.3,-7.19
37080.23,-7.69
37032.57,-6.89
36986.41,-6.69
36939.64,-6.89
36888.76,-7.69
36838.64,-7.59
36795.52,-5.89
36748.11,-7.09
36699.5,-7.29
36651.59,-7.19
36606.04,-6.59
36561.3,-6.09
36514.93,-6.79
36467.18,-7.49
36420.93,-6.69
36376.37,-6.09
36330.64,-6.69
36283.04,-7.09
36234.43,-7.39
36189.26,-6.39
36144.25,-6.39
36095.44,-7.49
36049.01,-6.69
36002.27,-6.79
35954.86,-7.39
35907.99,-6.39
35860,-7.59
35811.72,-7.09
35762.61,-7.19
35710.49,-8.09
35656.56,-8.59
35603.74,-7.99
35551.7,-8.19
35500.9,-7.59
35448.29,-8.19
35393.79,-8.59
35339.03,-8.59
35284.29,-8.59
35229.53,-8.59
35175.57,-8.59
35124.73,-7.79
35075.31,-7.09
35024.68,-8.29
34976.94,-6.79
34929.71,-7.09
34881.87,-7.19
34833.13,-7.49
34785.54,-7.09
34737.43,-7.29
34692.54,-6.49
34646.59,-6.79
34599.98,-7.09
34554.36,-6.59
34508.07,-6.99
34461.01,-7.09
34412.82,-7.19
34362.51,-7.79
34311.02,-8.29
34259.89,-7.59
34207.13,-8.29
34152.14,-8.89
34098.4,-8.29
34044.5,-8.49
33989.1,-8.79
33937.04,-8.19
33889.63,-7.09
33842.91,-6.99
33791.95,-7.99
33745.71,-6.79
33697.78,-7.39
33649.7,-7.19
33600.17,-7.79
33551.44,-7.29
33502.38,-7.69
33455.36,-7.39
33410.66,-5.89
33366.41,-7.09
33321.15,-6.09
33273.59,-7.49
33223.99,-7.89
33176.31,-7.29
33130.07,-6.49
33078.15,-8.19
33022.34,-9.39
32968.91,-7.89
32915.58,-8.89
32863.55,-7.89
32812.5,-8.09
32761.08,-7.89
32707.82,-8.39
32652.54,-8.99
32598.71,-8.49
32545.79,-8.29
32490.28,-8.89
32437.02,-8.49
32388.08,-7.49
32338.36,-7.79
32289.05,-7.69
32244.26,-6.59
32194.54,-7.89
32144.31,-7.89
32094.1,-7.89
32043.89,-7.89
31993.59,-7.89
31941.53,-8.29
31889.8,-8.19
31838.14,-8.19
31787.19,-7.99
31738.08,-7.59
31683.65,-8.89
31635.04,-7.29
31583.81,-8.19
31531.41,-8.19
31477.49,-8.99
31427.01,-7.39
31373.95,-8.79
31320.94,-8.39
31267.78,-8.39
31214.63,-8.79
31164.15,-7.89
31116.73,-7.29
31070.55,-6.79
31023.83,-7.29
30976.38,-7.39
30928.98,-7.29
30881.12,-7.39
30831.27,-7.89
30780.35,-8.39
30734.07,-6.89
30690.21,-6.49
30642.05,-7.59
30598.31,-6.39
30552.36,-7.19
30506.05,-7.09
30458.95,-7.19
30411.11,-7.69
30363.06,-7.29
30314.85,-7.79
30266.02,-7.29
30216.07,-8.19
30165.61,-7.89
30114.65,-8.09
30063.33,-8.39
30013.43,-7.79
29964.86,-7.59
29916.42,-7.59
29868.77,-7.69
29822.45,-6.79
29775.6,-7.19
29726.57,-7.89
29676.76,-7.69
29624.32,-8.39
29570.09,-8.89
29517.21,-8.39
29464.33,-8.09
29409.14,-9.19
29354.92,-8.79
29304.43,-7.79
29254.96,-7.29
29204.08,-8.39
29153.47,-7.89
29105.24,-7.59
29059.07,-6.69
29012.3,-6.79
28960.6,-8.09
28905.52,-9.49
28853.61,-7.59
28802.66,-7.99
28753.49,-8.19
28707.29,-5.89
28659.43,-7.79
28610.96,-7.19
28560.96,-7.69
28508.58,-8.19
28453.35,-8.89
28398.46,-8.59
28343.76,-8.69
28288.81,-8.49
28232.96,-9.09
28177.9,-8.69
28124.51,-8.39
28071.32,-7.99
28015.52,-9.09
27958.39,-9.09
27902.21,-8.89
27847.86,-8.49
27794.73,-8.29
27738.95,-8.89
27687.13,-7.99
27630.88,-8.89
27573.59,-9.29
27519.57,-8.09
27464.21,-8.89
27409.45,-8.79
27355.73,-7.89
27300.43,-9.09
27246.1,-8.49
27192.38,-7.89
27136.39,-9.39
27080.78,-8.49
27024.55,-8.99
26967.71,-9.09
26914.15,-8.19
26860.13,-8.49
26805.4,-8.59
26749.79,-8.79
26694.14,-8.79
26639.38,-8.49
26581.49,-9.19
26522.86,-9.39
26465.99,-9.09
26411.77,-8.29
26357.99,-8.29
26302.84,-8.69
26246.9,-8.89
26191.61,-8.79
26137.34,-8.29
26082.39,-8.79
26027.78,-8.49
25972.1,-8.79
25915.9,-8.89
25859.16,-8.99
25801.77,-9.09
25746.37,-8.79
25694.95,-7.89
25647.04,-6.89
25590.59,-8.99
25534.4,-8.99
25480.47,-8.19
25426.39,-8.69
25374.23,-7.89
25322.35,-7.99
25269.07,-8.29
25213.75,-8.59
25156.38,-9.49
25101.2,-8.39
25046.53,-8.49
24990.36,-8.79
24933.76,-9.29
24879.57,-8.29
24827.18,-8.19
24776.05,-7.79
24725.54,-7.49
24674.71,-7.89
24624.01,-7.79
24573.24,-7.59
24521.67,-8.19
24469.82,-7.89
24416.28,-8.29
24361.53,-9.19
24309.14,-7.69
24257.7,-8.09
24207.11,-7.89
24158.06,-7.09
24108.39,-7.69
24059.27,-7.29
24007.74,-7.99
23953.99,-8.39
23899.51,-8.59
23846.27,-8.29
23792.44,-8.49
23739.11,-8.29
23684.28,-8.89
23631.87,-7.89
23577.54,-8.79
23525.28,-8.09
23474.73,-7.59
23422.32,-8.29
23370.9,-7.99
23322.37,-7.29
23267.09,-8.79
23211.74,-8.89
23160.82,-7.69
23106.9,-8.59
23051.48,-8.89
22996.85,-8.69
22943.51,-8.29
22890.31,-8.49
22838.3,-7.99
22786.38,-8.29
22737.29,-7.39
22687.95,-7.59
22637.38,-7.89
22584.03,-8.49
22528.09,-8.99
22474.54,-8.49
22424.06,-7.79
22370.11,-8.59
22315.23,-8.99
22268.46,-6.79
22219.58,-7.49
22168,-8.09
22112.96,-8.89
22057.73,-8.89
22007,-7.89
21957.29,-7.59
21905.04,-8.39
21852.85,-8.09
21797.84,-8.99
21745.4,-8.29
21692.99,-8.39
21640.87,-8.29
21589.17,-8.19
21538.3,-7.89
21485.53,-8.49
21432.43,-8.49
21380.06,-8.39
21328.79,-8.19
21279.14,-7.69
21228.45,-7.79
21174.34,-9.09
21120.63,-8.59
21067.57,-8.59
21015.33,-8.39
20963.82,-8.09
20911.56,-8.69
20861.58,-7.59
20810.76,-8.29
20760.07,-7.89
20708.48,-8.29
20654.81,-8.69
20599.62,-9.29
20547.7,-8.39
20499.04,-7.39
20450.41,-7.69
20400.13,-7.79
20347.11,-8.79
20293.16,-9.09
20240.29,-8.29
20186.7,-9.09
20133.78,-8.49
20081.68,-8.59
20030.29,-7.99
19978.42,-8.79
19927.88,-7.79
19878.93,-8.39
19831.18,-6.69
19782.12,-8.19
19731.97,-8.39
19682.4,-7.39
19630.14,-8.79
19577.27,-9.29
19527.59,-7.29
19477.28,-8.19
19425.37,-8.99
19375.06,-7.69
19324.6,-8.59
19274.81,-7.89
19224.53,-8.19
19173.54,-8.49
19123.08,-8.09
19071.69,-8.79
19023.72,-7.39
18974.5,-8.09
18927.18,-7.59
18872.55,-9.19
18822.08,-8.29
18771.38,-8.39
18721.36,-8.19
18671.15,-8.29
18620.91,-8.29
18571.87,-8.09
18523.66,-7.79
18474.59,-8.09
18425.09,-8.09
18374.23,-8.49
18322.73,-8.69
18272.6,-8.39
18224.53,-7.69
18176.12,-7.79
18126.67,-8.59
18079.06,-7.79
18032.2,-6.99
17983.29,-8.59
17933.08,-8.39
17883.11,-8.39
17833.5,-8.39
17785.68,-7.99
17739.56,-7.29
17692.32,-7.99
17647.04,-7.29
17601.29,-7.39
17554,-8.29
17510.53,-6.29
17467.55,-7.49
17424.3,-6.29
17381.22,-7.29
17338.46,-6.69
17295.87,-6.59
17249.87,-7.89
17205.5,-7.09
17161.89,-6.99
17119.2,-7.09
17076.79,-6.29
17032.33,-7.69
16993.2,-5.69
16953.46,-5.99
16913.68,-6.29
16873.32,-5.89
16831.21,-6.99
16792.74,-5.79
16754.66,-5.59
16716.73,-5.69
16678.96,-5.69
16642.97,-4.99
16605.38,-5.29
16567.49,-6.29
16530.58,-5.09
16495.13,-4.99
16459.91,-4.99
16424.58,-4.79
16387.08,-5.69
16349.64,-5.79
16313.09,-5.39
16277.79,-4.89
16242.43,-4.79
16207.54,-5.59
16172.96,-4.29
16138.01,-5.09
16103.8,-4.69
16070.16,-4.49
16037.26,-4.19
16004.4,-4.49
15971.69,-4.19
15939.49,-4.29
15906.34,-3.69
15872.64,-5.29
15839.68,-4.09
15806.53,-4.89
15773.44,-4.29
15742.04,-4.09
15710.08,-3.69
15677.61,-4.59
15644.29,-4.69
15611.07,-4.49
15577.98,-4.59
15545.07,-4.39
15512.55,-4.69
15480.43,-4.09
15450.4,-3.69
15420.67,-3.29
15391.33,-3.49
15362.43,-3.09
15333.82,-2.99
15302.84,-4.09
15272.49,-4.09
15244.15,-3.49
15215.44,-1.29
15186.5,-4.49
15158.07,-3.19
15129.83,-2.99
15102.19,-2.59
15074.44,-3.29
15046.54,-2.99
15018.36,-2.59
14990.06,-3.39
14960.48,-3.99
14930.62,-3.19
14900.26,-3.89
14870.37,-4.39
14840.77,-3.19
14812.63,-3.59
14784.63,-2.49
14756.86,-3.19
14730.19,-3.19
14704.38,-1.69
14676,-2.79
14646.96,-4.29
14622.47,-1.49
14598.07,-1.99
14574.16,-1.49
14550.38,-1.69
14527.75,-1.19
14505.15,-0.99
14481.38,0.01
14457.61,-3.19
14432.36,-2.49
14407.18,-1.99
14382.58,-1.79
14357.42,-2.29
14329.59,-3.49
14302.23,-3.09
14275.41,-2.99
14250.33,-2.29
14226.09,-1.69
14201.13,-1.89
14175.93,-2.49
14148.01,-3.29
14119.86,-3.69
14092.36,-3.69
14064.75,-2.19
14037.02,-4.09
14010.23,-2.09
13983.71,-3.49
13955.25,-3.79
13926.49,-3.29
13897.16,-4.09
13867.48,-4.09
13837.9,-4.09
13809.46,-3.89
13781.72,-2.99
13754.68,-3.49
13728.88,-1.79
13703.44,-3.09
13674.7,-3.99
13645.57,-3.59
13615.99,-4.19
13586.92,-4.39
13558.31,-3.39
13531.74,-3.19
13505.31,-2.69
13479.07,-2.69
13452.33,-3.69
13425.26,-2.99
13398.8,-2.59
13372.14,-3.39
13343.15,-3.79
13314.27,-4.29
13285.52,-3.69
13258.74,-3.19
13231.96,-2.99
13203.45,-3.69
13174.67,-4.19
13145.6,-3.89
13118.71,-3.49
13091.92,-2.69
13064.09,-3.89
13035.36,-3.19
13005.67,-4.69
12976.72,-4.39
12948.35,-3.29
12921.18,-3.49
12893.23,-2.99
12864.74,-4.29
12835.74,-3.79
12806.51,-4.29
12776.93,-3.99
12748.27,-4.59
12720.11,-2.99
12693.26,-3.29
12667.44,-3.19
12643.06,-1.89
12617.15,-2.29
12589.96,-4.09
12563.36,-2.59
12536.99,-3.59
12511.99,-3.39
12487.29,-1.39
12463.55,-2.79
12439.79,-1.29
12415.97,-1.79
12391.95,-2.99
12367.59,-2.09
12342.4,-2.19
12316.33,-3.59
12292.12,-2.09
12268.74,-1.79
12246.06,-2.19
12223.64,-1.09
12201.78,-1.19
12180.18,-0.89
12157.84,-1.79
12134.95,-1.99
12112.76,-0.99
12091.15,-1.29
12069.53,-1.09
12047.92,-1.29
12026.32,-1.09
12004.76,-1.69
11983.74,-0.49
11965.2,0.91
11946.65,-0.09
11927.82,0.31
11908.9,-0.49
11890.1,0.81
11871.56,-0.29
11853,0.81
11834,-0.29
11814.94,0.61
11795.52,-0.39
11775.73,-0.39
11755.96,-0.19
11736.43,-0.59
11716.89,0.01
11699.46,1.01
11682.49,1.51
11665.35,0.91
11647.41,1.21
11629.47,0.41
11610.21,0.01
11590.17,-0.89
11570.64,0.01
11552.26,-0.99
11533.87,1.81
11515.88,2.01
11497.97,-0.19
11479.32,0.41
11458.97,0.11
11438.66,-1.39
11420.86,0.41
11403.05,0.91
11385.03,1.21
11366.75,1.11
11348.46,-0.19
11327.94,-0.89
11307.21,-0.69
11286.99,0.21
11266.98,-0.39
11247.62,-0.79
11229.33,0.61
11211.04,1.01
11192.46,0.41
11173.84,0.61
11154.43,0.01
11133.8,-1.09
11113.43,-0.29
11094.99,1.01
11076.54,0.31
11057.12,-0.09
11037.14,-0.69
11017.64,0.11
10999.35,0.91
10981.06,0.41
10961.68,0.31
10941.96,-0.29
10922.1,-0.39
10902.03,-0.39
10882.1,-0.19
10863.82,-0.09
10845.53,1.51
10826.74,0.41
10807.53,0.11
10788.29,0.01
10768.78,-0.29
10749.26,0.11
10730.86,0.51
10712.87,-0.59
10695,2.71
10677.63,0.61
10660.25,1.01
10642.79,1.81
10625.24,1.11
10607.69,0.91
10587.91,-0.89
10567.66,-0.09
10547.85,0.11
10528.44,-0.69
10508.99,0.91
10489.25,-1.19
10469.49,0.71
10450.89,0.41
10432.72,0.51
10414.13,1.21
10393.66,-0.79
10373.17,-0.49
10354.35,0.41
10335.81,1.01
10317.44,0.11
10299.41,0.51
10281.36,1.01
10263.03,2.01
10244.61,0.61
10226.17,-0.59
10207.63,0.91
10189.08,0.41
10170.45,0.91
10151.77,0.81
10133.06,-0.19
10114.15,0.21
10095.23,0.91
10075.91,-0.39
10056.38,-0.09
10037.01,0.71
10018.16,-0.09
9999.3,1.21
9979.749,-0.99
9959.943,0.31
9939.991,0.41
9919.782,-1.89
9899.614,1.11
9882.042,1.91
9864.468,0.41
9846.604,1.01
9828.199,0.51
9809.781,0.51
9791.381,1.61
9772.984,0.11
9754.333,0.41
9734.715,-0.69
9715.084,0.41
9696.102,1.31
9677.29,-0.29
9658.117,0.51
9638.001,-0.59
9617.873,0.21
9597.31,-1.49
9576.697,0.01
9557.529,1.01
9539.378,0.81
9521.216,0.71
9501.828,0.11
9482.432,0.31
9462.91,-0.09
9443.281,0.01
9423.548,0.21
9403.109,0.41
9382.67,-1.09
9362.87,-0.49
9343.245,-0.09
9323.562,1.01
9303.779,0.61
9283.995,-0.99
9262.73,0.41
9241.38,-1.49
9220.104,-2.09
9198.86,0.01
9177.966,0.01
9157.478,-0.69
9136.964,-0.19
9116.334,-0.49
9095.704,-0.19
9075.583,-1.09
9055.576,0.31
9035.325,0.51
9014.738,-0.69
8994.151,-0.39
8973.557,-0.39
8952.951,-0.49
8932.276,0.21
8911.578,-0.49
8890.352,-1.19
8868.483,-1.59
8846.82,0.01
8825.771,-0.89
8804.723,-0.39
8782.645,-1.09
8760.521,-1.19
8739.234,-0.29
8718.178,-0.69
8697.32,-0.79
8676.666,0.41
8656.156,-1.09
8636.364,-0.39
8616.572,0.81
8594.592,-0.29
8571.916,-2.39
8550.515,-0.49
8529.921,-0.29
8508.848,-0.39
8486.604,-0.99
8464.215,-1.49
8440.775,-1.29
8417.416,-1.99
8395.654,-0.89
8373.885,-0.89
8352.133,-1.09
8330.382,-0.99
8308.546,-0.39
8286.65,-1.29
8263.984,-0.89
8240.224,-1.89
8216.665,-2.19
8193.481,-1.69
8170.839,-0.99
8149.741,-0.29
8128.643,-0.79
8105.279,-2.69
8081.878,-0.49
8059.149,-1.79
8036.476,-0.89
8014.495,-1.09
7992.713,-0.89
7971.929,-0.69
7951.993,-0.19
7931.912,0.61
7910.917,0.01
7889.915,-1.09
7868.053,-1.09
7846.01,-0.69
7825.636,-1.69
7806.7,0.81
7787.057,1.11
7765.226,-0.79
7743.395,-1.49
7723.785,0.81
7704.087,-0.09
7683.428,-0.49
7661.42,-1.39
7640.308,-0.79
7621.172,1.21
7602.029,-0.39
7582.571,1.01
7563.298,-0.59
7543.294,0.31
7521.442,-0.59
7499.581,-1.49
7478.614,-1.19
7457.3,0.11
7435.148,-1.39
7412.495,-1.49
7390.416,-0.69
7368.109,-1.79
7346.564,-0.49
7327.17,1.21
7308.123,-0.09
7286.294,-1.09
7263.706,-1.29
7241.901,-1.49
7219.957,-0.59
7197.088,-0.99
7172.653,-2.69
7149.687,-1.59
7128.452,-0.09
7107.219,-0.89
7086.444,-0.79
7065.288,-0.39
7043.986,-0.69
7022.629,-1.09
7001.862,0.01
6981.003,-0.19
6960.178,-0.89
6940.131,-0.49
6919.705,-0.39
6900.514,1.31
6882.303,0.01
6863.65,1.01
6842.567,-0.29
6821.476,-0.79
6800.074,-0.89
6777.976,-0.99
6756.85,-1.19
6737.232,0.01
6717.217,0.51
6696.223,0.91
6675.613,-1.69
6654.114,-1.19
6632.398,0.01
6610.998,-1.99
6589.1,-0.49
6567.575,-0.99
6548.256,-0.19
6528.572,1.11
6507.348,-1.09
6485.799,-1.49
6464.951,0.11
6445.656,1.01
6426.706,-0.19
6405.572,-0.49
6384.196,-1.09
6362.943,-0.09
6341.096,-1.29
6319.849,-1.09
6300.342,0.01
6280.476,0.51
6259.763,-0.99
6239.261,-0.39
6218.59,0.31
6198.542,-0.49
6178.139,-0.29
6158.061,-0.69
6138.343,1.01
6118.461,-1.29
6098.723,0.71
6079.269,0.31
6058.818,-0.59
6038.733,-0.19
6018.945,0.21
5999.476,0.71
5980.031,-0.29
5958.378,-1.29
5936.72,-0.49
5916.514,-0.69
5896.115,-0.29
5876.713,0.51
5857.825,0.81
5839.274,0.51
5820.458,-0.79
5801.663,1.21
5783.149,1.11
5764.035,-0.49
5745.263,1.61
5725.564,-0.59
5705.844,0.81
5685.76,-0.79
5665.678,0.01
5645.956,0.11
5625.928,-0.49
5606.294,0.31
5586.492,-0.09
5567.914,1.41
5548.994,0.21
5528.154,-0.59
5505.312,-1.99
5483.554,-1.09
5462.486,0.11
5441.759,-1.09
5419.297,-0.89
5397.244,-1.89
5377.271,0.71
5358.3,0.21
5339.041,-0.09
5320.341,0.91
5301.296,0.01
5281.809,0.91
5261.212,-0.09
5241.007,-1.19
5220.527,0.01
5200.425,-0.29
5181.065,0.41
5162.511,0.81
5143.911,0.71
5124.103,0.41
5104.659,0.01
5084.561,-0.09
5064.538,-0.79
5044.142,0.51
5023.971,-0.09
5003.803,-0.19
4983.706,-0.49
4964.337,-0.29
4944.966,1.11
4925.329,0.51
4906.053,0.11
4886.938,0.01
4867.695,0.41
4848.799,0.81
4828.386,-0.19
4807.201,-0.99
4786.405,-0.19
4765.613,-0.09
4744.443,-1.09
4724.971,-0.59
4705.503,1.11
4685.918,-0.19
4665.821,0.01
4646.086,0.11
4626.514,-0.39
4606.959,0.41
4586.851,0.31
4566.824,0.21
4546.795,-0.69
4526.883,-0.29
4506.99,-0.59
4487.643,0.91
4468.793,-0.29
4450.283,1.51
4430.602,0.51
4410.467,-0.79
4390.536,-0.19
4371.293,0.21
4352.055,0.41
4331.952,0.11
4311.389,-0.89
4291.295,-0.39
4273.049,1.51
4254.808,-0.09
4235.912,1.41
4216.299,0.81
4196.69,-1.39
4177.41,0.61
4158.16,0.21
4138.935,-0.29
4119.779,-0.49
4100.982,0.91
4081.742,1.01
4062.473,-0.99
4043.189,0.91
4023.769,0.91
4004.712,-0.49
3985.184,-0.49
3965.551,0.51
3946.279,-0.29
3926.29,-0.09
3906.291,-0.39
3886.813,0.01
3867.16,0.81
3847.506,-0.79
3828.24,-0.59
3808.621,0.41
3789.41,0.21
3770.297,1.21
3750.828,-1.49
3732.356,1.41
3713.807,1.51
3695.606,-0.89
3677.719,1.11
3659.503,0.71
3641.569,0.31
3623.431,0.91
3605.297,1.01
3586.616,-0.59
3566.928,0.21
3547.602,-0.19
3528.914,0.21
3510.318,1.41
3491.67,-0.99
3472.768,0.51
3454.226,0.11
3434.932,-0.09
3415.309,-0.39
3395.691,-0.19
3375.293,0.11
3355.269,-1.39
3335.292,-0.59
3315.728,0.81
3296.536,-0.99
3276.601,-0.69
3257.018,0.51
3237.115,-1.69
3217.67,-0.69
3198.229,0.71
3177.139,-1.19
3156.241,-0.79
3136.864,-1.39
3119.333,1.31
3101.805,1.01
3083.797,0.71
3065.873,0.01
3047.953,0.21
3029.481,0.21
3010.929,-0.39
2992.287,0.11
2973.25,-0.79
2954.216,-0.29
2935.475,0.41
2916.62,0.61
2898.493,-0.89
2880.88,-0.59
2863.372,0.11
2845.188,1.21
2828.377,1.21
2811.569,1.41
2794.765,0.11
2777.985,1.01
2761.538,0.91
2745.035,1.01
2727.333,1.31
2709.281,-0.79
2691.426,-0.09
2673.049,-0.49
2654.309,-0.09
2636.503,0.11
2619.218,0.91
2601.936,0.41
2584.294,-0.69
2566.453,0.61
2548.615,-0.09
2530.991,1.01
2513.759,-0.39
2496.178,0.21
2477.49,-0.59
2459.158,-0.59
2440.054,0.01
2420.419,-0.69
2400.787,-1.89
2381.69,-0.89
2363.171,-0.79
2344.158,-0.59
2324.155,-1.39
2304.155,-1.99
2285.687,0.21
2268.024,-0.29
2250.719,0.31
2233.749,0.91
2216.423,0.21
2199.454,-0.39
2181.506,-0.39
2162.928,-0.99
2144.764,-0.29
2127.17,-0.59
2109.946,0.51
2092.459,-0.69
2075.403,-0.69
2058.349,1.71
2041.366,-0.89
2023.194,0.01
2005.404,-0.99
1987.929,-0.69
1970.831,-0.29
1953.737,0.21
1936.711,-0.39
1921.089,0.01
1905.122,0.01
1888.512,1.81
1871.526,-0.99
1854.906,0.41
1837.917,-0.99
1820.513,-0.99
1802.735,0.31
1785.877,-1.39
1769.379,0.61
1753.243,0.11
1736.397,-0.09
1719.291,-0.49
1701.843,-0.79
1685.574,0.41
1669.896,0.41
1653.893,-1.19
1637.175,0.81
1620.539,-0.79
1603.929,-1.09
1587.755,0.31
1571.892,0.11
1556.402,-0.89
1540.486,0.91
1524.834,-0.19
1509.198,-0.49
1493.617,-0.29
1478.122,-0.89
1462.64,1.11
1447.451,-0.39
1431.53,-0.69
1415.617,-0.49
1399.806,0.01
1385.811,-0.09
1371.821,0.91
1357.836,1.61
1344.162,-0.09
1330.151,0.91
1315.817,0.21
1302.045,1.21
1287.152,-0.29
1272.603,-0.09
1258.053,0.31
1243.449,0.41
1229.273,0.61
1215.092,-0.49
1201.327,0.91
1187.738,1.01
1173.811,0.91
1160.21,-0.29
1146.385,-0.89
1132.48,1.61
1118.228,-0.49
1104.135,0.71
1089.481,-0.79
1075.176,-0.69
1060.862,0.41
1046.723,1.01
1032.268,0.21
1018.508,-0.89
1004.288,-0.39
989.8635,-0.39
975.4282,0.41
960.9822,-0.69
947.0249,-0.49
932.2836,-0.69
917.8998,-0.99
903.5693,0.91
889.3285,-1.39
875.4421,0.61
861.5453,-0.99
848.7663,1.51
836.5675,1.21
824.3588,0.91
812.1401,0.61
798.9567,0.01
785.8553,0.31
772.3893,-0.19
759.2383,-0.09
744.6373,-0.89
729.5808,-1.39
715.2436,-0.99
700.6882,-0.49
686.6481,-0.59
672.1189,-0.59
657.9103,-0.99
644.5452,0.31
631.65,1.01
619.1082,1.51
606.2219,-0.79
593.5725,-0.89
580.9313,1.41
568.3494,-0.79
555.8396,0.71
542.6268,1.31
529.475,-0.39
516.0368,-0.89
503.0865,-2.39
490.3924,0.41
478.2794,-0.79
466.2551,-0.59
454.3007,0.11
442.5554,0.21
430.4257,-1.69
418.6733,0.21
407.2843,-0.09
395.2021,-0.49
382.9111,-1.49
370.9679,-0.89
358.6178,-0.69
346.8579,0.01
335.5896,-0.59
323.9099,-0.39
312.545,-1.19
301.1585,0.21
289.4143,-0.29
277.9812,-1.39
266.864,-0.09
255.6953,0.01
244.8395,0.71
233.9967,0.81
223.471,0.41
212.5394,-2.39
202.293,0.51
191.8325,-1.19
181.7194,-0.69
171.2088,0.31
160.6797,1.01
150.1377,-0.39
139.9534,0.41
129.3916,-1.09
119.2176,-0.59
109.8195,0.81
99.70485,-0.49
90.43857,0.01
81.72349,0.01
73.05573,-0.39
64.43646,0.31
55.20552,3.01
47.00211,1.81
38.51757,0.91
30.70987,0.91
22.27284,0.91
13.52999,0.91
5.447842,0.91
-3.2703,0.91
-11.01305,0.91
-17.78422,0.91
-24.55278,0.91
-31.64156,0.91
-37.44019,0.91
-43.55977,0.91
-50,0.91
-51,4.86
-53,1.86
-54,5.36
-60,3.16
-61,5.56
-62,3.96
-63,4.86
-64,4.46
-67,4.46
-68,4.66
-69,5.56
-70,5.46
-72,5.86
